# TSIS-1 Hybrid Solar Reference Spectrum (HSRS) version 2, resampled to 1 nm box means.
# Source: Coddington et al. (2023), Earth and Space Science, doi:10.1029/2022EA002637
# Archive: LASP LISIRD, https://lasp.colorado.edu/lisird/latis/dap/tsis1_hsrs.csv (native 0.001-0.01 nm sampling)
# Method: unweighted mean of every native sample falling in [n, n+1) nm; bin labelled by its lower edge.
# Irradiance is solar spectral irradiance at 1 AU, W m^-2 nm^-1, solar-minimum conditions between cycles 24 and 25.
# Archive uncertainty is 0.3% over 460-2365 nm and 1.3% outside it.
# Generated by scripts/build_table.py; do not hand-edit.
wavelength_nm,irradiance_w_m2_nm,uncertainty_w_m2_nm,n_samples
202,7.704460e-03,1.002e-04,1000
203,8.926693e-03,1.160e-04,1000
204,9.864796e-03,1.282e-04,1000
205,1.018986e-02,1.325e-04,1000
206,1.051054e-02,1.366e-04,1000
207,1.220709e-02,1.587e-04,1000
208,1.414568e-02,1.839e-04,1000
209,2.029999e-02,2.639e-04,1000
210,2.617716e-02,3.403e-04,1000
211,3.264759e-02,4.244e-04,1000
212,3.181693e-02,4.136e-04,1000
213,2.917486e-02,3.793e-04,1000
214,4.074047e-02,5.296e-04,1000
215,3.389824e-02,4.407e-04,1000
216,3.223122e-02,4.190e-04,1000
217,3.244706e-02,4.218e-04,1000
218,4.500032e-02,5.850e-04,1000
219,4.751839e-02,6.177e-04,1000
220,4.707075e-02,6.119e-04,1000
221,3.338644e-02,4.340e-04,1000
222,4.934107e-02,6.414e-04,1000
223,6.231946e-02,8.102e-04,1000
224,5.736891e-02,7.458e-04,1000
225,5.174890e-02,6.727e-04,1000
226,3.541617e-02,4.604e-04,1000
227,3.711697e-02,4.825e-04,1000
228,5.295373e-02,6.884e-04,1000
229,4.398360e-02,5.718e-04,1000
230,5.455773e-02,7.093e-04,1000
231,4.659342e-02,6.057e-04,1000
232,4.859902e-02,6.318e-04,1000
233,4.310668e-02,5.604e-04,1000
234,3.455464e-02,4.492e-04,1000
235,5.459361e-02,7.097e-04,1000
236,4.264383e-02,5.544e-04,1000
237,5.156175e-02,6.703e-04,1000
238,3.610170e-02,4.693e-04,1000
239,4.269365e-02,5.550e-04,1000
240,3.923971e-02,5.101e-04,1000
241,4.603140e-02,5.984e-04,1000
242,6.753301e-02,8.779e-04,1000
243,6.166910e-02,8.017e-04,1000
244,6.094444e-02,7.923e-04,1000
245,4.814260e-02,6.259e-04,1000
246,4.723650e-02,6.141e-04,1000
247,5.501034e-02,7.151e-04,1000
248,4.213662e-02,5.478e-04,1000
249,5.143311e-02,6.686e-04,1000
250,5.703125e-02,7.414e-04,1000
251,4.546245e-02,5.910e-04,1000
252,3.819781e-02,4.966e-04,1000
253,4.933059e-02,6.413e-04,1000
254,5.640321e-02,7.332e-04,1000
255,7.875141e-02,1.024e-03,1000
256,9.401171e-02,1.222e-03,1000
257,1.194449e-01,1.553e-03,1000
258,1.269310e-01,1.650e-03,1000
259,1.017616e-01,1.323e-03,1000
260,8.467235e-02,1.101e-03,1000
261,8.112957e-02,1.055e-03,1000
262,1.061237e-01,1.380e-03,1000
263,1.553522e-01,2.020e-03,1000
264,2.415779e-01,3.141e-03,1000
265,2.525010e-01,3.283e-03,1000
266,2.436900e-01,3.168e-03,1000
267,2.477008e-01,3.220e-03,1000
268,2.476275e-01,3.219e-03,1000
269,2.210000e-01,2.873e-03,1000
270,2.797564e-01,3.637e-03,1000
271,2.322336e-01,3.019e-03,1000
272,1.801708e-01,2.342e-03,1000
273,2.112303e-01,2.746e-03,1000
274,1.228440e-01,1.597e-03,1000
275,1.752849e-01,2.279e-03,1000
276,2.432125e-01,3.162e-03,1000
277,2.427216e-01,3.155e-03,1000
278,1.585372e-01,2.061e-03,1000
279,7.825944e-02,1.017e-03,1000
280,8.959340e-02,1.165e-03,1000
281,2.084117e-01,2.709e-03,1000
282,2.915178e-01,3.790e-03,1000
283,3.264620e-01,4.244e-03,1000
284,2.477262e-01,3.220e-03,1000
285,1.241384e-01,1.614e-03,1000
286,3.319876e-01,4.316e-03,1000
287,3.630482e-01,4.720e-03,1000
288,3.025421e-01,3.933e-03,1000
289,4.587497e-01,5.964e-03,1000
290,6.187269e-01,8.043e-03,1000
291,5.733921e-01,7.454e-03,1000
292,5.022401e-01,6.529e-03,1000
293,5.598933e-01,7.279e-03,1000
294,4.995780e-01,6.495e-03,1000
295,5.661776e-01,7.360e-03,1000
296,5.090884e-01,6.618e-03,1000
297,5.425631e-01,7.053e-03,1000
298,3.949044e-01,5.134e-03,1000
299,5.543903e-01,7.207e-03,1000
300,3.636489e-01,4.727e-03,1000
301,4.868614e-01,6.329e-03,1000
302,4.829488e-01,6.278e-03,1000
303,6.229408e-01,8.098e-03,1000
304,5.917412e-01,7.693e-03,1000
305,6.152692e-01,7.998e-03,1000
306,5.679936e-01,7.384e-03,1000
307,6.489306e-01,8.436e-03,1000
308,6.589314e-01,8.566e-03,1000
309,5.041622e-01,6.554e-03,1000
310,6.316022e-01,8.211e-03,1000
311,7.594235e-01,9.873e-03,1000
312,6.535861e-01,8.497e-03,1000
313,7.240620e-01,9.413e-03,1000
314,6.539164e-01,8.501e-03,1000
315,6.627047e-01,8.615e-03,1000
316,6.099514e-01,7.929e-03,1000
317,8.602660e-01,1.118e-02,1000
318,6.142258e-01,7.985e-03,1000
319,7.228061e-01,9.396e-03,1000
320,8.525769e-01,1.108e-02,1000
321,6.647121e-01,8.641e-03,1000
322,6.939240e-01,9.021e-03,1000
323,6.603001e-01,8.584e-03,1000
324,7.803750e-01,1.014e-02,1000
325,8.840385e-01,1.149e-02,1000
326,1.019626e+00,1.326e-02,1000
327,9.570336e-01,1.244e-02,1000
328,8.802577e-01,1.144e-02,1000
329,1.109783e+00,1.443e-02,1000
330,1.015544e+00,1.320e-02,1000
331,1.004423e+00,1.306e-02,1000
332,9.585454e-01,1.246e-02,1000
333,9.049611e-01,1.176e-02,1000
334,1.001869e+00,1.302e-02,1000
335,1.002961e+00,1.304e-02,1000
336,7.803527e-01,1.014e-02,1000
337,8.668601e-01,1.127e-02,1000
338,9.021556e-01,1.173e-02,1000
339,9.770597e-01,1.270e-02,1000
340,1.042466e+00,1.355e-02,1000
341,9.154255e-01,1.190e-02,1000
342,1.009369e+00,1.312e-02,1000
343,1.048750e+00,1.363e-02,1000
344,7.289586e-01,9.476e-03,1000
345,9.912243e-01,1.289e-02,1000
346,9.251644e-01,1.203e-02,1000
347,8.979422e-01,1.167e-02,1000
348,9.814548e-01,1.276e-02,1000
349,8.167960e-01,1.062e-02,1000
350,1.149759e+00,1.495e-02,1000
351,9.871441e-01,1.283e-02,1000
352,8.870115e-01,1.153e-02,1000
353,1.065696e+00,1.385e-02,1000
354,1.153883e+00,1.500e-02,1000
355,1.072545e+00,1.394e-02,1000
356,9.915811e-01,1.289e-02,1000
357,8.394592e-01,1.091e-02,1000
358,6.436325e-01,8.367e-03,1000
359,1.091708e+00,1.419e-02,1000
360,1.012970e+00,1.317e-02,1000
361,9.158157e-01,1.191e-02,1000
362,1.081480e+00,1.406e-02,1000
363,9.640396e-01,1.253e-02,1000
364,1.044137e+00,1.357e-02,1000
365,1.209985e+00,1.573e-02,1000
366,1.283933e+00,1.669e-02,1000
367,1.219389e+00,1.585e-02,1000
368,1.072778e+00,1.395e-02,1000
369,1.284199e+00,1.669e-02,1000
370,1.165138e+00,1.515e-02,1000
371,1.328338e+00,1.727e-02,1000
372,9.743558e-01,1.267e-02,1000
373,8.839143e-01,1.149e-02,1000
374,9.662292e-01,1.256e-02,1000
375,1.087596e+00,1.414e-02,1000
376,1.082812e+00,1.408e-02,1000
377,1.288677e+00,1.675e-02,1000
378,1.410915e+00,1.834e-02,1000
379,1.042745e+00,1.356e-02,1000
380,1.254861e+00,1.631e-02,1000
381,1.176404e+00,1.529e-02,1000
382,7.827833e-01,1.018e-02,1000
383,6.837603e-01,8.889e-03,1000
384,1.031557e+00,1.341e-02,1000
385,1.016117e+00,1.321e-02,1000
386,1.040110e+00,1.352e-02,1000
387,9.650089e-01,1.255e-02,1000
388,9.778800e-01,1.271e-02,1000
389,1.235657e+00,1.606e-02,1000
390,1.201663e+00,1.562e-02,1000
391,1.425058e+00,1.853e-02,1000
392,1.059860e+00,1.378e-02,1000
393,4.577936e-01,5.951e-03,1000
394,1.070406e+00,1.392e-02,1000
395,1.374103e+00,1.786e-02,1000
396,8.034203e-01,1.044e-02,1000
397,9.161687e-01,1.191e-02,1000
398,1.574482e+00,2.047e-02,1000
399,1.615290e+00,2.100e-02,1000
400,1.703585e+00,8.535e-03,1000
401,1.751067e+00,8.755e-03,1000
402,1.823225e+00,9.116e-03,1000
403,1.677519e+00,8.388e-03,1000
404,1.646583e+00,8.233e-03,1000
405,1.723415e+00,8.617e-03,1000
406,1.620062e+00,8.100e-03,1000
407,1.633940e+00,8.170e-03,1000
408,1.826133e+00,9.131e-03,1000
409,1.794476e+00,8.972e-03,1000
410,1.556976e+00,7.785e-03,1000
411,1.855913e+00,9.280e-03,1000
412,1.838105e+00,9.191e-03,1000
413,1.778028e+00,8.890e-03,1000
414,1.816581e+00,9.083e-03,1000
415,1.731070e+00,8.655e-03,1000
416,1.882551e+00,9.413e-03,1000
417,1.713765e+00,8.569e-03,1000
418,1.710382e+00,8.552e-03,1000
419,1.767733e+00,8.839e-03,1000
420,1.770477e+00,8.852e-03,1000
421,1.839370e+00,9.197e-03,1000
422,1.635354e+00,8.177e-03,1000
423,1.780358e+00,8.902e-03,1000
424,1.775034e+00,8.875e-03,1000
425,1.719657e+00,8.598e-03,1000
426,1.734949e+00,8.675e-03,1000
427,1.592479e+00,7.962e-03,1000
428,1.673584e+00,8.368e-03,1000
429,1.534257e+00,7.671e-03,1000
430,1.125775e+00,5.629e-03,1000
431,1.566678e+00,7.833e-03,1000
432,1.683476e+00,8.417e-03,1000
433,1.840604e+00,9.203e-03,1000
434,1.588323e+00,7.942e-03,1000
435,1.797021e+00,8.985e-03,1000
436,1.931530e+00,9.658e-03,1000
437,1.818386e+00,9.092e-03,1000
438,1.614211e+00,8.071e-03,1000
439,1.827369e+00,9.137e-03,1000
440,1.726415e+00,8.632e-03,1000
441,1.937398e+00,9.687e-03,1000
442,2.015191e+00,1.008e-02,1000
443,1.945124e+00,9.726e-03,1000
444,2.010467e+00,1.005e-02,1000
445,1.904883e+00,9.524e-03,1000
446,1.896425e+00,9.482e-03,1000
447,2.079306e+00,1.040e-02,1000
448,2.019550e+00,1.010e-02,1000
449,2.011646e+00,1.006e-02,1000
450,2.156526e+00,1.078e-02,1000
451,2.123680e+00,1.062e-02,1000
452,2.031158e+00,1.016e-02,1000
453,1.962743e+00,9.814e-03,1000
454,2.077589e+00,1.039e-02,1000
455,1.985688e+00,9.928e-03,1000
456,2.135058e+00,1.068e-02,1000
457,2.136253e+00,1.068e-02,1000
458,2.005420e+00,1.003e-02,1000
459,2.045937e+00,1.023e-02,1000
460,2.069863e+00,6.214e-03,1000
461,2.134724e+00,6.404e-03,1000
462,2.118180e+00,6.355e-03,1000
463,2.086452e+00,6.259e-03,1000
464,2.018577e+00,6.056e-03,1000
465,2.061226e+00,6.184e-03,1000
466,2.000470e+00,6.001e-03,1000
467,2.082520e+00,6.248e-03,1000
468,2.034840e+00,6.105e-03,1000
469,2.072262e+00,6.217e-03,1000
470,1.950109e+00,5.850e-03,1000
471,2.033336e+00,6.100e-03,1000
472,2.126552e+00,6.380e-03,1000
473,2.017526e+00,6.053e-03,1000
474,2.111890e+00,6.336e-03,1000
475,2.077263e+00,6.232e-03,1000
476,2.018178e+00,6.055e-03,1000
477,2.151460e+00,6.454e-03,1000
478,2.099202e+00,6.298e-03,1000
479,2.111282e+00,6.334e-03,1000
480,2.077713e+00,6.233e-03,1000
481,2.122403e+00,6.367e-03,1000
482,2.110846e+00,6.333e-03,1000
483,2.058739e+00,6.176e-03,1000
484,2.023978e+00,6.072e-03,1000
485,1.928830e+00,5.786e-03,1000
486,1.598435e+00,4.795e-03,1000
487,1.858899e+00,5.577e-03,1000
488,2.004428e+00,6.013e-03,1000
489,1.991195e+00,5.974e-03,1000
490,2.074515e+00,6.224e-03,1000
491,2.005495e+00,6.016e-03,1000
492,1.864133e+00,5.592e-03,1000
493,2.015854e+00,6.048e-03,1000
494,2.037757e+00,6.113e-03,1000
495,1.971579e+00,5.915e-03,1000
496,2.080568e+00,6.242e-03,1000
497,2.055123e+00,6.165e-03,1000
498,1.904564e+00,5.714e-03,1000
499,2.013596e+00,6.041e-03,1000
500,1.876072e+00,5.628e-03,1000
501,1.853872e+00,5.562e-03,1000
502,1.930658e+00,5.792e-03,1000
503,2.007812e+00,6.023e-03,1000
504,1.915196e+00,5.746e-03,1000
505,1.991479e+00,5.974e-03,1000
506,2.035419e+00,6.106e-03,1000
507,1.989783e+00,5.969e-03,1000
508,1.897920e+00,5.694e-03,1000
509,2.023063e+00,6.069e-03,1000
510,1.925254e+00,5.776e-03,1000
511,2.009423e+00,6.028e-03,1000
512,1.934067e+00,5.802e-03,1000
513,1.922963e+00,5.769e-03,1000
514,1.831777e+00,5.495e-03,1000
515,1.939841e+00,5.820e-03,1000
516,1.753676e+00,5.261e-03,1000
517,1.682675e+00,5.048e-03,1000
518,1.706539e+00,5.120e-03,1000
519,1.831478e+00,5.494e-03,1000
520,1.867143e+00,5.601e-03,1000
521,1.905715e+00,5.717e-03,1000
522,1.870483e+00,5.611e-03,1000
523,1.909909e+00,5.730e-03,1000
524,1.983451e+00,5.950e-03,1000
525,1.945909e+00,5.838e-03,1000
526,1.789157e+00,5.367e-03,1000
527,1.768093e+00,5.304e-03,1000
528,1.927072e+00,5.781e-03,1000
529,1.955630e+00,5.867e-03,1000
530,1.970884e+00,5.913e-03,1000
531,2.003801e+00,6.011e-03,1000
532,1.843304e+00,5.530e-03,1000
533,1.933167e+00,5.800e-03,1000
534,1.891950e+00,5.676e-03,1000
535,1.987560e+00,5.963e-03,1000
536,1.929413e+00,5.788e-03,1000
537,1.886328e+00,5.659e-03,1000
538,1.942972e+00,5.829e-03,1000
539,1.852496e+00,5.557e-03,1000
540,1.836708e+00,5.510e-03,1000
541,1.884792e+00,5.654e-03,1000
542,1.914874e+00,5.745e-03,1000
543,1.847569e+00,5.543e-03,1000
544,1.909785e+00,5.729e-03,1000
545,1.931181e+00,5.794e-03,1000
546,1.912143e+00,5.736e-03,1000
547,1.864397e+00,5.593e-03,1000
548,1.897535e+00,5.693e-03,1000
549,1.915752e+00,5.747e-03,1000
550,1.899240e+00,5.698e-03,1000
551,1.890046e+00,5.670e-03,1000
552,1.893721e+00,5.681e-03,1000
553,1.891876e+00,5.676e-03,1000
554,1.912186e+00,5.737e-03,1000
555,1.922091e+00,5.766e-03,1000
556,1.877345e+00,5.632e-03,1000
557,1.847336e+00,5.542e-03,1000
558,1.833219e+00,5.500e-03,1000
559,1.805415e+00,5.416e-03,1000
560,1.842147e+00,5.526e-03,1000
561,1.852978e+00,5.559e-03,1000
562,1.845683e+00,5.537e-03,1000
563,1.871247e+00,5.614e-03,1000
564,1.876867e+00,5.631e-03,1000
565,1.843350e+00,5.530e-03,1000
566,1.803972e+00,5.412e-03,1000
567,1.896123e+00,5.688e-03,1000
568,1.813528e+00,5.441e-03,1000
569,1.874831e+00,5.624e-03,1000
570,1.817736e+00,5.453e-03,1000
571,1.788863e+00,5.367e-03,1000
572,1.902977e+00,5.709e-03,1000
573,1.890605e+00,5.672e-03,1000
574,1.878559e+00,5.636e-03,1000
575,1.843745e+00,5.531e-03,1000
576,1.855127e+00,5.565e-03,1000
577,1.871591e+00,5.615e-03,1000
578,1.789451e+00,5.368e-03,1000
579,1.835059e+00,5.505e-03,1000
580,1.852663e+00,5.558e-03,1000
581,1.841325e+00,5.524e-03,1000
582,1.872020e+00,5.616e-03,1000
583,1.858403e+00,5.575e-03,1000
584,1.856570e+00,5.570e-03,1000
585,1.797058e+00,5.391e-03,1000
586,1.813026e+00,5.439e-03,1000
587,1.851282e+00,5.554e-03,1000
588,1.829278e+00,5.488e-03,1000
589,1.563510e+00,4.691e-03,1000
590,1.817399e+00,5.452e-03,1000
591,1.805937e+00,5.418e-03,1000
592,1.830701e+00,5.492e-03,1000
593,1.795121e+00,5.385e-03,1000
594,1.825227e+00,5.476e-03,1000
595,1.774377e+00,5.323e-03,1000
596,1.816716e+00,5.450e-03,1000
597,1.801083e+00,5.403e-03,1000
598,1.767990e+00,5.304e-03,1000
599,1.787886e+00,5.364e-03,1000
600,1.769381e+00,5.308e-03,1000
601,1.748950e+00,5.247e-03,1000
602,1.724940e+00,5.175e-03,1000
603,1.793737e+00,5.381e-03,1000
604,1.781222e+00,5.344e-03,1000
605,1.767239e+00,5.302e-03,1000
606,1.761420e+00,5.284e-03,1000
607,1.783486e+00,5.350e-03,1000
608,1.725824e+00,5.177e-03,1000
609,1.735994e+00,5.208e-03,1000
610,1.696841e+00,5.091e-03,1000
611,1.745117e+00,5.235e-03,1000
612,1.698738e+00,5.096e-03,1000
613,1.673292e+00,5.020e-03,1000
614,1.705544e+00,5.117e-03,1000
615,1.696975e+00,5.091e-03,1000
616,1.633275e+00,4.900e-03,1000
617,1.655671e+00,4.967e-03,1000
618,1.709054e+00,5.127e-03,1000
619,1.692704e+00,5.078e-03,1000
620,1.715731e+00,5.147e-03,1000
621,1.690602e+00,5.072e-03,1000
622,1.688456e+00,5.065e-03,1000
623,1.655463e+00,4.966e-03,1000
624,1.636184e+00,4.909e-03,1000
625,1.634836e+00,4.905e-03,1000
626,1.672339e+00,5.017e-03,1000
627,1.689840e+00,5.070e-03,1000
628,1.676694e+00,5.030e-03,1000
629,1.672585e+00,5.018e-03,1000
630,1.647467e+00,4.942e-03,1000
631,1.625767e+00,4.877e-03,1000
632,1.647560e+00,4.943e-03,1000
633,1.637045e+00,4.911e-03,1000
634,1.631642e+00,4.895e-03,1000
635,1.659548e+00,4.979e-03,1000
636,1.610800e+00,4.832e-03,1000
637,1.658040e+00,4.974e-03,1000
638,1.646880e+00,4.941e-03,1000
639,1.631612e+00,4.895e-03,1000
640,1.586567e+00,4.760e-03,1000
641,1.603303e+00,4.810e-03,1000
642,1.612041e+00,4.836e-03,1000
643,1.614098e+00,4.842e-03,1000
644,1.612821e+00,4.838e-03,1000
645,1.578911e+00,4.737e-03,1000
646,1.598051e+00,4.794e-03,1000
647,1.599689e+00,4.799e-03,1000
648,1.609637e+00,4.829e-03,1000
649,1.524946e+00,4.575e-03,1000
650,1.590801e+00,4.772e-03,1000
651,1.604243e+00,4.813e-03,1000
652,1.582014e+00,4.746e-03,1000
653,1.592179e+00,4.777e-03,1000
654,1.571239e+00,4.714e-03,1000
655,1.523610e+00,4.571e-03,1000
656,1.229524e+00,3.689e-03,1000
657,1.504918e+00,4.515e-03,1000
658,1.554193e+00,4.663e-03,1000
659,1.533570e+00,4.601e-03,1000
660,1.562999e+00,4.689e-03,1000
661,1.561389e+00,4.684e-03,1000
662,1.568423e+00,4.705e-03,1000
663,1.538197e+00,4.615e-03,1000
664,1.545044e+00,4.635e-03,1000
665,1.564752e+00,4.694e-03,1000
666,1.535595e+00,4.607e-03,1000
667,1.535027e+00,4.605e-03,1000
668,1.553264e+00,4.660e-03,1000
669,1.543160e+00,4.629e-03,1000
670,1.530213e+00,4.591e-03,1000
671,1.506405e+00,4.519e-03,1000
672,1.521755e+00,4.565e-03,1000
673,1.529160e+00,4.587e-03,1000
674,1.520466e+00,4.561e-03,1000
675,1.505853e+00,4.518e-03,1000
676,1.513919e+00,4.542e-03,1000
677,1.514567e+00,4.544e-03,1000
678,1.506880e+00,4.521e-03,1000
679,1.507150e+00,4.521e-03,1000
680,1.499336e+00,4.498e-03,1000
681,1.499369e+00,4.498e-03,1000
682,1.500115e+00,4.500e-03,1000
683,1.489445e+00,4.468e-03,1000
684,1.452711e+00,4.358e-03,1000
685,1.471903e+00,4.416e-03,1000
686,1.474470e+00,4.423e-03,1000
687,1.486038e+00,4.458e-03,1000
688,1.465425e+00,4.396e-03,1000
689,1.483010e+00,4.449e-03,1000
690,1.470297e+00,4.411e-03,1000
691,1.453867e+00,4.362e-03,1000
692,1.456261e+00,4.369e-03,1000
693,1.460275e+00,4.381e-03,1000
694,1.452463e+00,4.357e-03,1000
695,1.449168e+00,4.348e-03,1000
696,1.451628e+00,4.355e-03,1000
697,1.436644e+00,4.310e-03,1000
698,1.423108e+00,4.269e-03,1000
699,1.441640e+00,4.325e-03,1000
700,1.399367e+00,4.198e-03,1000
701,1.396441e+00,4.189e-03,1000
702,1.407059e+00,4.221e-03,1000
703,1.411301e+00,4.234e-03,1000
704,1.417262e+00,4.252e-03,1000
705,1.418025e+00,4.254e-03,1000
706,1.409956e+00,4.230e-03,1000
707,1.407504e+00,4.223e-03,1000
708,1.394956e+00,4.185e-03,1000
709,1.391090e+00,4.173e-03,1000
710,1.406075e+00,4.218e-03,1000
711,1.385783e+00,4.157e-03,1000
712,1.377387e+00,4.132e-03,1000
713,1.376038e+00,4.128e-03,1000
714,1.382574e+00,4.148e-03,1000
715,1.362075e+00,4.086e-03,1000
716,1.351165e+00,4.053e-03,1000
717,1.379795e+00,4.139e-03,1000
718,1.335696e+00,4.007e-03,1000
719,1.342240e+00,4.027e-03,1000
720,1.335203e+00,4.006e-03,1000
721,1.354879e+00,4.065e-03,1000
722,1.332607e+00,3.998e-03,1000
723,1.351747e+00,4.055e-03,1000
724,1.347610e+00,4.043e-03,1000
725,1.341727e+00,4.025e-03,1000
726,1.336529e+00,4.010e-03,1000
727,1.344391e+00,4.033e-03,1000
728,1.320455e+00,3.961e-03,1000
729,1.293042e+00,3.879e-03,1000
730,1.328747e+00,3.986e-03,1000
731,1.318712e+00,3.956e-03,1000
732,1.309575e+00,3.929e-03,1000
733,1.322696e+00,3.968e-03,1000
734,1.325882e+00,3.978e-03,1000
735,1.299059e+00,3.897e-03,1000
736,1.305785e+00,3.917e-03,1000
737,1.308293e+00,3.925e-03,1000
738,1.283058e+00,3.849e-03,1000
739,1.280206e+00,3.841e-03,1000
740,1.285127e+00,3.855e-03,1000
741,1.249026e+00,3.747e-03,1000
742,1.267825e+00,3.803e-03,1000
743,1.292782e+00,3.878e-03,1000
744,1.261925e+00,3.786e-03,1000
745,1.292076e+00,3.876e-03,1000
746,1.275110e+00,3.825e-03,1000
747,1.281871e+00,3.846e-03,1000
748,1.279420e+00,3.838e-03,1000
749,1.251372e+00,3.754e-03,1000
750,1.268989e+00,3.807e-03,1000
751,1.251542e+00,3.755e-03,1000
752,1.256580e+00,3.770e-03,1000
753,1.258358e+00,3.775e-03,1000
754,1.260525e+00,3.782e-03,1000
755,1.250879e+00,3.753e-03,1000
756,1.254154e+00,3.762e-03,1000
757,1.241058e+00,3.723e-03,1000
758,1.230368e+00,3.691e-03,1000
759,1.252484e+00,3.757e-03,1000
760,1.241800e+00,3.725e-03,1000
761,1.233555e+00,3.701e-03,1000
762,1.229473e+00,3.688e-03,1000
763,1.244502e+00,3.734e-03,1000
764,1.240259e+00,3.721e-03,1000
765,1.213373e+00,3.640e-03,1000
766,1.167043e+00,3.501e-03,1000
767,1.227458e+00,3.682e-03,1000
768,1.219678e+00,3.659e-03,1000
769,1.203054e+00,3.609e-03,1000
770,1.206503e+00,3.620e-03,1000
771,1.185252e+00,3.556e-03,1000
772,1.195457e+00,3.586e-03,1000
773,1.211943e+00,3.636e-03,1000
774,1.195448e+00,3.586e-03,1000
775,1.181151e+00,3.543e-03,1000
776,1.203763e+00,3.611e-03,1000
777,1.184695e+00,3.554e-03,1000
778,1.187991e+00,3.564e-03,1000
779,1.181323e+00,3.544e-03,1000
780,1.185688e+00,3.557e-03,1000
781,1.179689e+00,3.539e-03,1000
782,1.191760e+00,3.575e-03,1000
783,1.158534e+00,3.476e-03,1000
784,1.183524e+00,3.551e-03,1000
785,1.170691e+00,3.512e-03,1000
786,1.178555e+00,3.536e-03,1000
787,1.170076e+00,3.510e-03,1000
788,1.168466e+00,3.505e-03,1000
789,1.166410e+00,3.499e-03,1000
790,1.167603e+00,3.503e-03,1000
791,1.148082e+00,3.444e-03,1000
792,1.144676e+00,3.434e-03,1000
793,1.110068e+00,3.330e-03,1000
794,1.112433e+00,3.337e-03,1000
795,1.145846e+00,3.438e-03,1000
796,1.146789e+00,3.440e-03,1000
797,1.143597e+00,3.431e-03,1000
798,1.141608e+00,3.425e-03,1000
799,1.134580e+00,3.404e-03,1000
800,1.117514e+00,3.353e-03,1000
801,1.134038e+00,3.402e-03,1000
802,1.126058e+00,3.378e-03,1000
803,1.118443e+00,3.355e-03,1000
804,1.104196e+00,3.313e-03,1000
805,1.112449e+00,3.337e-03,1000
806,1.122885e+00,3.369e-03,1000
807,1.106103e+00,3.318e-03,1000
808,1.097329e+00,3.292e-03,1000
809,1.094612e+00,3.284e-03,1000
810,1.096905e+00,3.291e-03,1000
811,1.105560e+00,3.317e-03,1000
812,1.104958e+00,3.315e-03,1000
813,1.102764e+00,3.308e-03,1000
814,1.098499e+00,3.295e-03,1000
815,1.095744e+00,3.287e-03,1000
816,1.094718e+00,3.284e-03,1000
817,1.091318e+00,3.274e-03,1000
818,1.061254e+00,3.184e-03,1000
819,1.056036e+00,3.168e-03,1000
820,1.067814e+00,3.203e-03,1000
821,1.054441e+00,3.163e-03,1000
822,1.058459e+00,3.175e-03,1000
823,1.065491e+00,3.196e-03,1000
824,1.072078e+00,3.216e-03,1000
825,1.059767e+00,3.179e-03,1000
826,1.069285e+00,3.208e-03,1000
827,1.061767e+00,3.185e-03,1000
828,1.066520e+00,3.200e-03,1000
829,1.056890e+00,3.171e-03,1000
830,1.052030e+00,3.156e-03,1000
831,1.050989e+00,3.153e-03,1000
832,1.035983e+00,3.108e-03,1000
833,1.026218e+00,3.079e-03,1000
834,1.019642e+00,3.059e-03,1000
835,1.048037e+00,3.144e-03,1000
836,1.031946e+00,3.096e-03,1000
837,1.043390e+00,3.130e-03,1000
838,1.032160e+00,3.096e-03,1000
839,1.022931e+00,3.069e-03,1000
840,1.035511e+00,3.107e-03,1000
841,1.030389e+00,3.091e-03,1000
842,1.018940e+00,3.057e-03,1000
843,1.018751e+00,3.056e-03,1000
844,1.004819e+00,3.014e-03,1000
845,1.027300e+00,3.082e-03,1000
846,1.024431e+00,3.073e-03,1000
847,1.005210e+00,3.016e-03,1000
848,1.017371e+00,3.052e-03,1000
849,9.781344e-01,2.934e-03,1000
850,9.256977e-01,2.777e-03,1000
851,9.871997e-01,2.962e-03,1000
852,9.895020e-01,2.969e-03,1000
853,9.597521e-01,2.879e-03,1000
854,7.103065e-01,2.131e-03,1000
855,9.531060e-01,2.859e-03,1000
856,9.920569e-01,2.976e-03,1000
857,9.933641e-01,2.980e-03,1000
858,9.878589e-01,2.964e-03,1000
859,9.837641e-01,2.951e-03,1000
860,9.856869e-01,2.957e-03,1000
861,9.723370e-01,2.917e-03,1000
862,9.829507e-01,2.949e-03,1000
863,9.839530e-01,2.952e-03,1000
864,9.825520e-01,2.948e-03,1000
865,9.458041e-01,2.837e-03,1000
866,7.656817e-01,2.297e-03,1000
867,9.421680e-01,2.827e-03,1000
868,9.589336e-01,2.877e-03,1000
869,9.433431e-01,2.830e-03,1000
870,9.603910e-01,2.881e-03,1000
871,9.491935e-01,2.848e-03,1000
872,9.598809e-01,2.880e-03,1000
873,9.319223e-01,2.796e-03,1000
874,9.458706e-01,2.838e-03,1000
875,9.269495e-01,2.781e-03,1000
876,9.458613e-01,2.838e-03,1000
877,9.397574e-01,2.819e-03,1000
878,9.521760e-01,2.857e-03,1000
879,9.275822e-01,2.783e-03,1000
880,9.016694e-01,2.705e-03,1000
881,9.405077e-01,2.822e-03,1000
882,9.321525e-01,2.796e-03,1000
883,9.434603e-01,2.830e-03,1000
884,9.271553e-01,2.781e-03,1000
885,9.370321e-01,2.811e-03,1000
886,8.960566e-01,2.688e-03,1000
887,9.215560e-01,2.765e-03,1000
888,9.286084e-01,2.786e-03,1000
889,9.262180e-01,2.779e-03,1000
890,9.258772e-01,2.778e-03,1000
891,9.190148e-01,2.757e-03,1000
892,9.026943e-01,2.708e-03,1000
893,9.214932e-01,2.764e-03,1000
894,9.072353e-01,2.722e-03,1000
895,9.184574e-01,2.755e-03,1000
896,9.162123e-01,2.749e-03,1000
897,9.061617e-01,2.718e-03,1000
898,9.095213e-01,2.729e-03,1000
899,9.085640e-01,2.726e-03,1000
900,8.876099e-01,2.663e-03,1000
901,8.426125e-01,2.528e-03,1000
902,8.731618e-01,2.619e-03,1000
903,8.969753e-01,2.691e-03,1000
904,9.023967e-01,2.707e-03,1000
905,8.965331e-01,2.690e-03,1000
906,8.744567e-01,2.623e-03,1000
907,8.955775e-01,2.687e-03,1000
908,8.759782e-01,2.628e-03,1000
909,8.493504e-01,2.548e-03,1000
910,8.815333e-01,2.645e-03,1000
911,8.718433e-01,2.616e-03,1000
912,8.812529e-01,2.644e-03,1000
913,8.835353e-01,2.651e-03,1000
914,8.747385e-01,2.624e-03,1000
915,8.702835e-01,2.611e-03,1000
916,8.732149e-01,2.620e-03,1000
917,8.646477e-01,2.594e-03,1000
918,8.693611e-01,2.608e-03,1000
919,8.658897e-01,2.598e-03,1000
920,8.587376e-01,2.576e-03,1000
921,8.314484e-01,2.494e-03,1000
922,8.331154e-01,2.499e-03,1000
923,8.164570e-01,2.449e-03,1000
924,8.344146e-01,2.503e-03,1000
925,8.282935e-01,2.485e-03,1000
926,8.343920e-01,2.503e-03,1000
927,8.535884e-01,2.561e-03,1000
928,8.459241e-01,2.538e-03,1000
929,8.414776e-01,2.524e-03,1000
930,8.482039e-01,2.545e-03,1000
931,8.424789e-01,2.527e-03,1000
932,8.397704e-01,2.519e-03,1000
933,8.411631e-01,2.523e-03,1000
934,8.420570e-01,2.526e-03,1000
935,8.332264e-01,2.500e-03,1000
936,8.324198e-01,2.497e-03,1000
937,8.299479e-01,2.490e-03,1000
938,8.328782e-01,2.499e-03,1000
939,8.242357e-01,2.473e-03,1000
940,8.073278e-01,2.422e-03,1000
941,7.835383e-01,2.351e-03,1000
942,8.240276e-01,2.472e-03,1000
943,8.038242e-01,2.411e-03,1000
944,7.981992e-01,2.395e-03,1000
945,8.120307e-01,2.436e-03,1000
946,8.158858e-01,2.448e-03,1000
947,8.178060e-01,2.453e-03,1000
948,8.168389e-01,2.451e-03,1000
949,8.144988e-01,2.443e-03,1000
950,8.108413e-01,2.433e-03,1000
951,8.069285e-01,2.421e-03,1000
952,8.016556e-01,2.405e-03,1000
953,7.943773e-01,2.383e-03,1000
954,7.579490e-01,2.274e-03,1000
955,7.754006e-01,2.326e-03,1000
956,7.968666e-01,2.391e-03,1000
957,7.858664e-01,2.358e-03,1000
958,7.986907e-01,2.396e-03,1000
959,7.955897e-01,2.387e-03,1000
960,7.863481e-01,2.359e-03,1000
961,7.958033e-01,2.387e-03,1000
962,7.732440e-01,2.320e-03,1000
963,7.881954e-01,2.365e-03,1000
964,7.828010e-01,2.348e-03,1000
965,7.770530e-01,2.331e-03,1000
966,7.721982e-01,2.317e-03,1000
967,7.760862e-01,2.328e-03,1000
968,7.841432e-01,2.352e-03,1000
969,7.744741e-01,2.323e-03,1000
970,7.687672e-01,2.306e-03,1000
971,7.799454e-01,2.340e-03,1000
972,7.762313e-01,2.329e-03,1000
973,7.694210e-01,2.308e-03,1000
974,7.587447e-01,2.276e-03,1000
975,7.677261e-01,2.303e-03,1000
976,7.612687e-01,2.284e-03,1000
977,7.671794e-01,2.302e-03,1000
978,7.596000e-01,2.279e-03,1000
979,7.614264e-01,2.284e-03,1000
980,7.580013e-01,2.274e-03,1000
981,7.620340e-01,2.286e-03,1000
982,7.609789e-01,2.283e-03,1000
983,7.579257e-01,2.274e-03,1000
984,7.588816e-01,2.277e-03,1000
985,7.540648e-01,2.262e-03,1000
986,7.506586e-01,2.252e-03,1000
987,7.484257e-01,2.245e-03,1000
988,7.492766e-01,2.248e-03,1000
989,7.386661e-01,2.216e-03,1000
990,7.465731e-01,2.240e-03,1000
991,7.450424e-01,2.235e-03,1000
992,7.457204e-01,2.237e-03,1000
993,7.397894e-01,2.219e-03,1000
994,7.396406e-01,2.219e-03,1000
995,7.375849e-01,2.213e-03,1000
996,7.388249e-01,2.216e-03,1000
997,7.375779e-01,2.213e-03,1000
998,7.320655e-01,2.196e-03,1000
999,7.302936e-01,2.191e-03,1000
1000,7.304727e-01,2.191e-03,1000
1001,7.297754e-01,2.189e-03,1000
1002,7.253434e-01,2.176e-03,1000
1003,7.140140e-01,2.142e-03,1000
1004,6.976946e-01,2.093e-03,1000
1005,6.592637e-01,1.978e-03,1000
1006,7.015316e-01,2.105e-03,1000
1007,7.152391e-01,2.146e-03,1000
1008,7.165846e-01,2.150e-03,1000
1009,7.173903e-01,2.152e-03,1000
1010,7.175986e-01,2.153e-03,1000
1011,7.147412e-01,2.144e-03,1000
1012,7.090524e-01,2.127e-03,1000
1013,7.136415e-01,2.141e-03,1000
1014,7.022508e-01,2.107e-03,1000
1015,7.070970e-01,2.121e-03,1000
1016,7.105944e-01,2.132e-03,1000
1017,7.062579e-01,2.119e-03,1000
1018,7.077915e-01,2.123e-03,1000
1019,6.999158e-01,2.100e-03,1000
1020,7.040858e-01,2.112e-03,1000
1021,6.925298e-01,2.078e-03,1000
1022,6.977240e-01,2.093e-03,1000
1023,6.961323e-01,2.088e-03,1000
1024,6.971795e-01,2.092e-03,1000
1025,6.950431e-01,2.085e-03,1000
1026,6.936035e-01,2.081e-03,1000
1027,6.927065e-01,2.078e-03,1000
1028,6.920141e-01,2.076e-03,1000
1029,6.845350e-01,2.054e-03,1000
1030,6.857286e-01,2.057e-03,1000
1031,6.860920e-01,2.058e-03,1000
1032,6.855998e-01,2.057e-03,1000
1033,6.705059e-01,2.012e-03,1000
1034,6.692069e-01,2.008e-03,1000
1035,6.775384e-01,2.033e-03,1000
1036,6.784933e-01,2.035e-03,1000
1037,6.665890e-01,2.000e-03,1000
1038,6.723752e-01,2.017e-03,1000
1039,6.689434e-01,2.007e-03,1000
1040,6.714390e-01,2.014e-03,1000
1041,6.713690e-01,2.014e-03,1000
1042,6.679986e-01,2.004e-03,1000
1043,6.673534e-01,2.002e-03,1000
1044,6.678264e-01,2.003e-03,1000
1045,6.498926e-01,1.950e-03,1000
1046,6.579116e-01,1.974e-03,1000
1047,6.577036e-01,1.973e-03,1000
1048,6.613418e-01,1.984e-03,1000
1049,6.604892e-01,1.981e-03,1000
1050,6.587573e-01,1.976e-03,1000
1051,6.560323e-01,1.968e-03,1000
1052,6.564688e-01,1.969e-03,1000
1053,6.464117e-01,1.939e-03,1000
1054,6.518286e-01,1.955e-03,1000
1055,6.519403e-01,1.956e-03,1000
1056,6.510502e-01,1.953e-03,1000
1057,6.500570e-01,1.950e-03,1000
1058,6.172218e-01,1.852e-03,1000
1059,6.473890e-01,1.942e-03,1000
1060,6.274188e-01,1.882e-03,1000
1061,6.414855e-01,1.924e-03,1000
1062,6.430245e-01,1.929e-03,1000
1063,6.321966e-01,1.897e-03,1000
1064,6.404628e-01,1.921e-03,1000
1065,6.382050e-01,1.915e-03,1000
1066,6.173964e-01,1.852e-03,1000
1067,6.341798e-01,1.903e-03,1000
1068,6.103097e-01,1.831e-03,1000
1069,5.883808e-01,1.765e-03,1000
1070,6.312428e-01,1.894e-03,1000
1071,6.230798e-01,1.869e-03,1000
1072,6.256205e-01,1.877e-03,1000
1073,6.045474e-01,1.814e-03,1000
1074,6.238853e-01,1.872e-03,1000
1075,5.986378e-01,1.796e-03,1000
1076,6.249885e-01,1.875e-03,1000
1077,6.219076e-01,1.866e-03,1000
1078,5.962717e-01,1.789e-03,1000
1079,6.142284e-01,1.843e-03,1000
1080,6.190064e-01,1.857e-03,1000
1081,5.892673e-01,1.768e-03,1000
1082,5.995524e-01,1.799e-03,1000
1083,5.874837e-01,1.762e-03,1000
1084,5.990463e-01,1.797e-03,1000
1085,6.105298e-01,1.832e-03,1000
1086,6.052231e-01,1.816e-03,1000
1087,5.662813e-01,1.699e-03,1000
1088,5.882667e-01,1.765e-03,1000
1089,6.007430e-01,1.802e-03,1000
1090,6.045985e-01,1.814e-03,1000
1091,5.924445e-01,1.777e-03,1000
1092,5.971967e-01,1.792e-03,1000
1093,5.724668e-01,1.717e-03,1000
1094,5.474838e-01,1.642e-03,1000
1095,5.817187e-01,1.745e-03,1000
1096,5.669952e-01,1.701e-03,1000
1097,5.899335e-01,1.770e-03,1000
1098,5.636417e-01,1.691e-03,1000
1099,5.888061e-01,1.766e-03,1000
1100,5.866911e-01,1.760e-03,1000
1101,5.811012e-01,1.743e-03,1000
1102,5.697621e-01,1.709e-03,1000
1103,5.827651e-01,1.748e-03,1000
1104,5.811273e-01,1.743e-03,1000
1105,5.812542e-01,1.744e-03,1000
1106,5.828009e-01,1.748e-03,1000
1107,5.802317e-01,1.741e-03,1000
1108,5.792426e-01,1.738e-03,1000
1109,5.777660e-01,1.733e-03,1000
1110,5.774725e-01,1.732e-03,1000
1111,5.762848e-01,1.729e-03,1000
1112,5.684800e-01,1.705e-03,1000
1113,5.686756e-01,1.706e-03,1000
1114,5.706220e-01,1.712e-03,1000
1115,5.704274e-01,1.711e-03,1000
1116,5.710842e-01,1.713e-03,1000
1117,5.706269e-01,1.712e-03,1000
1118,5.679922e-01,1.704e-03,1000
1119,5.528201e-01,1.658e-03,1000
1120,5.614108e-01,1.684e-03,1000
1121,5.648574e-01,1.695e-03,1000
1122,5.671818e-01,1.702e-03,1000
1123,5.616602e-01,1.685e-03,1000
1124,5.602285e-01,1.681e-03,1000
1125,5.419480e-01,1.626e-03,1000
1126,5.613528e-01,1.684e-03,1000
1127,5.611918e-01,1.684e-03,1000
1128,5.558615e-01,1.668e-03,1000
1129,5.473245e-01,1.642e-03,1000
1130,5.519288e-01,1.656e-03,1000
1131,5.497434e-01,1.649e-03,1000
1132,5.546740e-01,1.664e-03,1000
1133,5.469805e-01,1.641e-03,1000
1134,5.522303e-01,1.657e-03,1000
1135,5.427419e-01,1.628e-03,1000
1136,5.526132e-01,1.658e-03,1000
1137,5.450841e-01,1.635e-03,1000
1138,5.370601e-01,1.611e-03,1000
1139,5.384696e-01,1.615e-03,1000
1140,5.250611e-01,1.575e-03,1000
1141,5.356418e-01,1.607e-03,1000
1142,5.374223e-01,1.612e-03,1000
1143,5.433496e-01,1.630e-03,1000
1144,5.362144e-01,1.609e-03,1000
1145,5.380531e-01,1.614e-03,1000
1146,5.371631e-01,1.611e-03,1000
1147,5.389117e-01,1.617e-03,1000
1148,5.305916e-01,1.592e-03,1000
1149,5.356151e-01,1.607e-03,1000
1150,5.299755e-01,1.590e-03,1000
1151,5.355436e-01,1.607e-03,1000
1152,5.317824e-01,1.595e-03,1000
1153,5.331657e-01,1.599e-03,1000
1154,5.315861e-01,1.595e-03,1000
1155,5.310559e-01,1.593e-03,1000
1156,5.305979e-01,1.592e-03,1000
1157,5.273679e-01,1.582e-03,1000
1158,5.276531e-01,1.583e-03,1000
1159,5.052508e-01,1.516e-03,1000
1160,5.238079e-01,1.571e-03,1000
1161,5.009191e-01,1.503e-03,1000
1162,5.207817e-01,1.562e-03,1000
1163,5.178570e-01,1.554e-03,1000
1164,5.091628e-01,1.527e-03,1000
1165,5.147932e-01,1.544e-03,1000
1166,5.117002e-01,1.535e-03,1000
1167,5.112582e-01,1.534e-03,1000
1168,5.176764e-01,1.553e-03,1000
1169,5.047865e-01,1.514e-03,1000
1170,5.122621e-01,1.537e-03,1000
1171,5.154613e-01,1.546e-03,1000
1172,5.144785e-01,1.543e-03,1000
1173,5.148739e-01,1.545e-03,1000
1174,5.124864e-01,1.537e-03,1000
1175,4.837934e-01,1.451e-03,1000
1176,5.115920e-01,1.535e-03,1000
1177,5.009557e-01,1.503e-03,1000
1178,4.979970e-01,1.494e-03,1000
1179,5.070773e-01,1.521e-03,1000
1180,5.055751e-01,1.517e-03,1000
1181,5.055599e-01,1.517e-03,1000
1182,4.982409e-01,1.495e-03,1000
1183,4.603344e-01,1.381e-03,1000
1184,4.898021e-01,1.469e-03,1000
1185,5.006804e-01,1.502e-03,1000
1186,4.973071e-01,1.492e-03,1000
1187,4.998867e-01,1.500e-03,1000
1188,4.788611e-01,1.437e-03,1000
1189,4.857246e-01,1.457e-03,1000
1190,4.969372e-01,1.491e-03,1000
1191,4.976201e-01,1.493e-03,1000
1192,4.944251e-01,1.483e-03,1000
1193,4.959957e-01,1.488e-03,1000
1194,4.938258e-01,1.481e-03,1000
1195,4.856289e-01,1.457e-03,1000
1196,4.931376e-01,1.479e-03,1000
1197,4.772717e-01,1.432e-03,1000
1198,4.591822e-01,1.378e-03,1000
1199,4.673178e-01,1.402e-03,1000
1200,4.863718e-01,1.459e-03,1000
1201,4.880319e-01,1.464e-03,1000
1202,4.870975e-01,1.461e-03,1000
1203,4.490800e-01,1.347e-03,1000
1204,4.809294e-01,1.443e-03,1000
1205,4.829324e-01,1.449e-03,1000
1206,4.836358e-01,1.451e-03,1000
1207,4.831228e-01,1.449e-03,1000
1208,4.517265e-01,1.355e-03,1000
1209,4.795904e-01,1.439e-03,1000
1210,4.612697e-01,1.384e-03,1000
1211,4.729669e-01,1.419e-03,1000
1212,4.764949e-01,1.429e-03,1000
1213,4.727562e-01,1.418e-03,1000
1214,4.767925e-01,1.430e-03,1000
1215,4.755199e-01,1.427e-03,1000
1216,4.752541e-01,1.426e-03,1000
1217,4.708769e-01,1.413e-03,1000
1218,4.700218e-01,1.410e-03,1000
1219,4.668907e-01,1.401e-03,1000
1220,4.705527e-01,1.412e-03,1000
1221,4.688895e-01,1.407e-03,1000
1222,4.688077e-01,1.406e-03,1000
1223,4.642916e-01,1.393e-03,1000
1224,4.674675e-01,1.402e-03,1000
1225,4.665147e-01,1.400e-03,1000
1226,4.636593e-01,1.391e-03,1000
1227,4.505193e-01,1.352e-03,1000
1228,4.625509e-01,1.388e-03,1000
1229,4.594094e-01,1.378e-03,1000
1230,4.615510e-01,1.385e-03,1000
1231,4.598907e-01,1.380e-03,1000
1232,4.600813e-01,1.380e-03,1000
1233,4.583575e-01,1.375e-03,1000
1234,4.567370e-01,1.370e-03,1000
1235,4.572569e-01,1.372e-03,1000
1236,4.567758e-01,1.370e-03,1000
1237,4.572117e-01,1.372e-03,1000
1238,4.562963e-01,1.369e-03,1000
1239,4.458687e-01,1.338e-03,1000
1240,4.535237e-01,1.361e-03,1000
1241,4.516148e-01,1.355e-03,1000
1242,4.458987e-01,1.338e-03,1000
1243,4.419056e-01,1.326e-03,1000
1244,4.486908e-01,1.346e-03,1000
1245,4.497766e-01,1.349e-03,1000
1246,4.459620e-01,1.338e-03,1000
1247,4.483320e-01,1.345e-03,1000
1248,4.458953e-01,1.338e-03,1000
1249,4.464626e-01,1.339e-03,1000
1250,4.457176e-01,1.337e-03,1000
1251,4.449568e-01,1.335e-03,1000
1252,4.395638e-01,1.319e-03,1000
1253,4.433562e-01,1.330e-03,1000
1254,4.431802e-01,1.330e-03,1000
1255,4.402323e-01,1.321e-03,1000
1256,4.362738e-01,1.309e-03,1000
1257,4.377556e-01,1.313e-03,1000
1258,4.330869e-01,1.299e-03,1000
1259,4.377162e-01,1.313e-03,1000
1260,4.357222e-01,1.307e-03,1000
1261,4.282836e-01,1.285e-03,1000
1262,4.365353e-01,1.310e-03,1000
1263,4.306043e-01,1.292e-03,1000
1264,4.304604e-01,1.291e-03,1000
1265,4.299229e-01,1.290e-03,1000
1266,4.324760e-01,1.297e-03,1000
1267,4.317640e-01,1.295e-03,1000
1268,4.225584e-01,1.268e-03,1000
1269,4.316031e-01,1.295e-03,1000
1270,4.306659e-01,1.292e-03,1000
1271,4.301238e-01,1.290e-03,1000
1272,4.292029e-01,1.288e-03,1000
1273,4.279079e-01,1.284e-03,1000
1274,4.244090e-01,1.273e-03,1000
1275,4.255974e-01,1.277e-03,1000
1276,4.244207e-01,1.273e-03,1000
1277,4.229146e-01,1.269e-03,1000
1278,4.207998e-01,1.262e-03,1000
1279,4.168949e-01,1.251e-03,1000
1280,4.115298e-01,1.235e-03,1000
1281,3.883201e-01,1.165e-03,1000
1282,3.598352e-01,1.080e-03,1000
1283,4.054769e-01,1.216e-03,1000
1284,4.112490e-01,1.234e-03,1000
1285,4.140880e-01,1.242e-03,1000
1286,4.159488e-01,1.248e-03,1000
1287,4.153957e-01,1.246e-03,1000
1288,4.124973e-01,1.237e-03,1000
1289,4.147080e-01,1.244e-03,1000
1290,4.057853e-01,1.217e-03,1000
1291,4.124481e-01,1.237e-03,1000
1292,4.139563e-01,1.242e-03,1000
1293,4.111510e-01,1.233e-03,1000
1294,4.122710e-01,1.237e-03,1000
1295,4.121267e-01,1.236e-03,1000
1296,4.117055e-01,1.235e-03,1000
1297,4.054164e-01,1.216e-03,1000
1298,4.103077e-01,1.231e-03,1000
1299,4.096410e-01,1.229e-03,1000
1300,4.086556e-01,1.226e-03,1000
1301,4.063711e-01,1.219e-03,1000
1302,4.078015e-01,1.223e-03,1000
1303,3.986447e-01,1.196e-03,1000
1304,4.055301e-01,1.217e-03,1000
1305,4.034398e-01,1.210e-03,1000
1306,4.036422e-01,1.211e-03,1000
1307,4.037408e-01,1.211e-03,1000
1308,4.020978e-01,1.206e-03,1000
1309,4.023411e-01,1.207e-03,1000
1310,3.943634e-01,1.183e-03,1000
1311,4.010629e-01,1.203e-03,1000
1312,3.818027e-01,1.145e-03,1000
1313,3.970510e-01,1.191e-03,1000
1314,3.989263e-01,1.197e-03,1000
1315,3.782886e-01,1.135e-03,1000
1316,3.966553e-01,1.190e-03,1000
1317,3.951085e-01,1.185e-03,1000
1318,3.853943e-01,1.156e-03,1000
1319,3.956300e-01,1.187e-03,1000
1320,3.932084e-01,1.180e-03,1000
1321,3.928418e-01,1.179e-03,1000
1322,3.930719e-01,1.179e-03,1000
1323,3.925333e-01,1.178e-03,1000
1324,3.920803e-01,1.176e-03,1000
1325,3.903728e-01,1.171e-03,1000
1326,3.886482e-01,1.166e-03,1000
1327,3.898300e-01,1.169e-03,1000
1328,3.856552e-01,1.157e-03,1000
1329,3.721217e-01,1.116e-03,1000
1330,3.876268e-01,1.163e-03,1000
1331,3.824154e-01,1.147e-03,1000
1332,3.721388e-01,1.116e-03,1000
1333,3.857635e-01,1.157e-03,1000
1334,3.851817e-01,1.156e-03,1000
1335,3.801099e-01,1.140e-03,1000
1336,3.838020e-01,1.151e-03,1000
1337,3.830278e-01,1.149e-03,1000
1338,3.813998e-01,1.144e-03,1000
1339,3.740984e-01,1.122e-03,1000
1340,3.810509e-01,1.143e-03,1000
1341,3.782470e-01,1.135e-03,1000
1342,3.796827e-01,1.139e-03,1000
1343,3.740034e-01,1.122e-03,1000
1344,3.783156e-01,1.135e-03,1000
1345,3.773400e-01,1.132e-03,1000
1346,3.765303e-01,1.130e-03,1000
1347,3.762800e-01,1.129e-03,1000
1348,3.756020e-01,1.127e-03,1000
1349,3.723248e-01,1.117e-03,1000
1350,3.650645e-01,1.095e-03,1000
1351,3.735865e-01,1.121e-03,1000
1352,3.725185e-01,1.118e-03,1000
1353,3.722545e-01,1.117e-03,1000
1354,3.715926e-01,1.115e-03,1000
1355,3.701548e-01,1.110e-03,1000
1356,3.633823e-01,1.090e-03,1000
1357,3.695716e-01,1.109e-03,1000
1358,3.689572e-01,1.107e-03,1000
1359,3.683040e-01,1.105e-03,1000
1360,3.665019e-01,1.100e-03,1000
1361,3.670006e-01,1.101e-03,1000
1362,3.663238e-01,1.099e-03,1000
1363,3.585160e-01,1.076e-03,1000
1364,3.650710e-01,1.095e-03,1000
1365,3.644298e-01,1.093e-03,1000
1366,3.632727e-01,1.090e-03,1000
1367,3.594602e-01,1.078e-03,1000
1368,3.625283e-01,1.088e-03,1000
1369,3.579011e-01,1.074e-03,1000
1370,3.606902e-01,1.082e-03,1000
1371,3.553219e-01,1.066e-03,1000
1372,3.580186e-01,1.074e-03,1000
1373,3.594078e-01,1.078e-03,1000
1374,3.570924e-01,1.071e-03,1000
1375,3.578374e-01,1.074e-03,1000
1376,3.575714e-01,1.073e-03,1000
1377,3.556716e-01,1.067e-03,1000
1378,3.552921e-01,1.066e-03,1000
1379,3.546141e-01,1.064e-03,1000
1380,3.551515e-01,1.065e-03,1000
1381,3.545497e-01,1.064e-03,1000
1382,3.539539e-01,1.062e-03,1000
1383,3.533621e-01,1.060e-03,1000
1384,3.522542e-01,1.057e-03,1000
1385,3.521784e-01,1.057e-03,1000
1386,3.472938e-01,1.042e-03,1000
1387,3.492061e-01,1.048e-03,1000
1388,3.485856e-01,1.046e-03,1000
1389,3.498304e-01,1.049e-03,1000
1390,3.446014e-01,1.034e-03,1000
1391,3.483023e-01,1.045e-03,1000
1392,3.481136e-01,1.044e-03,1000
1393,3.475399e-01,1.043e-03,1000
1394,3.455382e-01,1.037e-03,1000
1395,3.463982e-01,1.039e-03,1000
1396,3.439747e-01,1.032e-03,1000
1397,3.431959e-01,1.030e-03,1000
1398,3.436180e-01,1.031e-03,1000
1399,3.417141e-01,1.025e-03,1000
1400,3.435775e-01,1.031e-03,1000
1401,3.377334e-01,1.013e-03,1000
1402,3.416296e-01,1.025e-03,1000
1403,3.404915e-01,1.021e-03,1000
1404,3.398855e-01,1.020e-03,1000
1405,3.407919e-01,1.022e-03,1000
1406,3.372897e-01,1.012e-03,1000
1407,3.358213e-01,1.007e-03,1000
1408,3.367452e-01,1.010e-03,1000
1409,3.386109e-01,1.016e-03,1000
1410,3.359314e-01,1.008e-03,1000
1411,3.344022e-01,1.003e-03,1000
1412,3.319054e-01,9.957e-04,1000
1413,3.316081e-01,9.948e-04,1000
1414,3.356923e-01,1.007e-03,1000
1415,3.353432e-01,1.006e-03,1000
1416,3.341721e-01,1.003e-03,1000
1417,3.312708e-01,9.938e-04,1000
1418,3.321501e-01,9.965e-04,1000
1419,3.330207e-01,9.991e-04,1000
1420,3.299945e-01,9.900e-04,1000
1421,3.309339e-01,9.928e-04,1000
1422,3.219696e-01,9.659e-04,1000
1423,3.298248e-01,9.895e-04,1000
1424,3.251186e-01,9.754e-04,1000
1425,3.259253e-01,9.778e-04,1000
1426,3.276536e-01,9.830e-04,1000
1427,3.278755e-01,9.836e-04,1000
1428,3.196597e-01,9.590e-04,1000
1429,3.201573e-01,9.605e-04,1000
1430,3.257316e-01,9.772e-04,1000
1431,3.238243e-01,9.715e-04,1000
1432,3.247353e-01,9.742e-04,1000
1433,3.219313e-01,9.658e-04,1000
1434,3.253820e-01,9.761e-04,1000
1435,3.217924e-01,9.654e-04,1000
1436,3.209234e-01,9.628e-04,1000
1437,3.230937e-01,9.693e-04,1000
1438,3.230914e-01,9.693e-04,1000
1439,3.196516e-01,9.590e-04,1000
1440,2.986352e-01,8.959e-04,1000
1441,3.202386e-01,9.607e-04,1000
1442,3.135855e-01,9.408e-04,1000
1443,3.147249e-01,9.442e-04,1000
1444,3.083911e-01,9.252e-04,1000
1445,3.197624e-01,9.593e-04,1000
1446,3.133151e-01,9.399e-04,1000
1447,3.177092e-01,9.531e-04,1000
1448,3.141768e-01,9.425e-04,1000
1449,3.160080e-01,9.480e-04,1000
1450,3.136734e-01,9.410e-04,1000
1451,3.043980e-01,9.132e-04,1000
1452,3.123036e-01,9.369e-04,1000
1453,3.149341e-01,9.448e-04,1000
1454,3.001990e-01,9.006e-04,1000
1455,3.037462e-01,9.112e-04,1000
1456,3.095293e-01,9.286e-04,1000
1457,3.105836e-01,9.318e-04,1000
1458,3.115996e-01,9.348e-04,1000
1459,3.081121e-01,9.243e-04,1000
1460,3.105063e-01,9.315e-04,1000
1461,3.076645e-01,9.230e-04,1000
1462,3.088252e-01,9.265e-04,1000
1463,3.093377e-01,9.280e-04,1000
1464,3.066523e-01,9.200e-04,1000
1465,2.981402e-01,8.944e-04,1000
1466,3.091003e-01,9.273e-04,1000
1467,3.075145e-01,9.225e-04,1000
1468,3.052023e-01,9.156e-04,1000
1469,3.064708e-01,9.194e-04,1000
1470,3.032576e-01,9.098e-04,1000
1471,3.017765e-01,9.053e-04,1000
1472,3.040114e-01,9.120e-04,1000
1473,3.035847e-01,9.108e-04,1000
1474,3.019799e-01,9.059e-04,1000
1475,2.976557e-01,8.930e-04,1000
1476,3.040902e-01,9.123e-04,1000
1477,2.988677e-01,8.966e-04,1000
1478,2.953138e-01,8.859e-04,1000
1479,3.017999e-01,9.054e-04,1000
1480,3.020528e-01,9.062e-04,1000
1481,2.977299e-01,8.932e-04,1000
1482,2.999965e-01,9.000e-04,1000
1483,2.918313e-01,8.755e-04,1000
1484,2.960587e-01,8.882e-04,1000
1485,2.972501e-01,8.918e-04,1000
1486,2.950634e-01,8.852e-04,1000
1487,2.837619e-01,8.513e-04,1000
1488,2.567826e-01,7.703e-04,1000
1489,2.944068e-01,8.832e-04,1000
1490,2.920599e-01,8.762e-04,1000
1491,2.943709e-01,8.831e-04,1000
1492,2.967975e-01,8.904e-04,1000
1493,2.953309e-01,8.860e-04,1000
1494,2.910770e-01,8.732e-04,1000
1495,2.922066e-01,8.766e-04,1000
1496,2.870190e-01,8.611e-04,1000
1497,2.918704e-01,8.756e-04,1000
1498,2.904544e-01,8.714e-04,1000
1499,2.908804e-01,8.726e-04,1000
1500,2.922918e-01,8.769e-04,1000
1501,2.892422e-01,8.677e-04,1000
1502,2.569962e-01,7.710e-04,1000
1503,2.767263e-01,8.302e-04,1000
1504,2.558411e-01,7.675e-04,1000
1505,2.611104e-01,7.833e-04,1000
1506,2.898565e-01,8.696e-04,1000
1507,2.898584e-01,8.696e-04,1000
1508,2.863346e-01,8.590e-04,1000
1509,2.826024e-01,8.478e-04,1000
1510,2.868339e-01,8.605e-04,1000
1511,2.876850e-01,8.631e-04,1000
1512,2.828460e-01,8.485e-04,1000
1513,2.856083e-01,8.568e-04,1000
1514,2.816082e-01,8.448e-04,1000
1515,2.867538e-01,8.603e-04,1000
1516,2.776114e-01,8.328e-04,1000
1517,2.837544e-01,8.513e-04,1000
1518,2.808021e-01,8.424e-04,1000
1519,2.844064e-01,8.532e-04,1000
1520,2.817548e-01,8.453e-04,1000
1521,2.759832e-01,8.279e-04,1000
1522,2.718422e-01,8.155e-04,1000
1523,2.804636e-01,8.414e-04,1000
1524,2.744228e-01,8.233e-04,1000
1525,2.810610e-01,8.432e-04,1000
1526,2.784504e-01,8.354e-04,1000
1527,2.810952e-01,8.433e-04,1000
1528,2.802341e-01,8.407e-04,1000
1529,2.635454e-01,7.906e-04,1000
1530,2.762295e-01,8.287e-04,1000
1531,2.793116e-01,8.379e-04,1000
1532,2.782724e-01,8.348e-04,1000
1533,2.721726e-01,8.165e-04,1000
1534,2.747311e-01,8.242e-04,1000
1535,2.762356e-01,8.287e-04,1000
1536,2.760744e-01,8.282e-04,1000
1537,2.763699e-01,8.291e-04,1000
1538,2.699793e-01,8.099e-04,1000
1539,2.667189e-01,8.002e-04,1000
1540,2.690886e-01,8.073e-04,1000
1541,2.753580e-01,8.261e-04,1000
1542,2.706151e-01,8.118e-04,1000
1543,2.740528e-01,8.222e-04,1000
1544,2.738164e-01,8.214e-04,1000
1545,2.721528e-01,8.165e-04,1000
1546,2.707125e-01,8.121e-04,1000
1547,2.690235e-01,8.071e-04,1000
1548,2.678779e-01,8.036e-04,1000
1549,2.700425e-01,8.101e-04,1000
1550,2.628819e-01,7.886e-04,1000
1551,2.682141e-01,8.046e-04,1000
1552,2.680311e-01,8.041e-04,1000
1553,2.625300e-01,7.876e-04,1000
1554,2.631429e-01,7.894e-04,1000
1555,2.622037e-01,7.866e-04,1000
1556,2.598770e-01,7.796e-04,1000
1557,2.662757e-01,7.988e-04,1000
1558,2.670295e-01,8.011e-04,1000
1559,2.539622e-01,7.619e-04,1000
1560,2.607134e-01,7.821e-04,1000
1561,2.611576e-01,7.835e-04,1000
1562,2.570711e-01,7.712e-04,1000
1563,2.563362e-01,7.690e-04,1000
1564,2.627996e-01,7.884e-04,1000
1565,2.589423e-01,7.768e-04,1000
1566,2.563021e-01,7.689e-04,1000
1567,2.598855e-01,7.797e-04,1000
1568,2.541383e-01,7.624e-04,1000
1569,2.439810e-01,7.319e-04,1000
1570,2.606726e-01,7.820e-04,1000
1571,2.607372e-01,7.822e-04,1000
1572,2.557692e-01,7.673e-04,1000
1573,2.573857e-01,7.722e-04,1000
1574,2.430384e-01,7.291e-04,1000
1575,2.375532e-01,7.127e-04,1000
1576,2.436571e-01,7.310e-04,1000
1577,2.252666e-01,6.758e-04,1000
1578,2.575597e-01,7.727e-04,1000
1579,2.538301e-01,7.615e-04,1000
1580,2.527594e-01,7.583e-04,1000
1581,2.537477e-01,7.612e-04,1000
1582,2.384457e-01,7.153e-04,1000
1583,2.424998e-01,7.275e-04,1000
1584,2.511838e-01,7.536e-04,1000
1585,2.525390e-01,7.576e-04,1000
1586,2.505530e-01,7.517e-04,1000
1587,2.483403e-01,7.450e-04,1000
1588,2.391764e-01,7.175e-04,1000
1589,2.123735e-01,6.371e-04,1000
1590,2.379224e-01,7.138e-04,1000
1591,2.412048e-01,7.236e-04,1000
1592,2.472186e-01,7.417e-04,1000
1593,2.504216e-01,7.513e-04,1000
1594,2.467649e-01,7.403e-04,1000
1595,2.466413e-01,7.399e-04,1000
1596,2.292422e-01,6.877e-04,1000
1597,2.439626e-01,7.319e-04,1000
1598,2.429365e-01,7.288e-04,1000
1599,2.512506e-01,7.538e-04,1000
1600,2.450155e-01,7.350e-04,1000
1601,2.351259e-01,7.054e-04,1000
1602,2.437461e-01,7.312e-04,1000
1603,2.488412e-01,7.465e-04,1000
1604,2.350354e-01,7.051e-04,1000
1605,2.479832e-01,7.439e-04,1000
1606,2.401529e-01,7.205e-04,1000
1607,2.411198e-01,7.234e-04,1000
1608,2.434051e-01,7.302e-04,1000
1609,2.315852e-01,6.948e-04,1000
1610,2.349456e-01,7.048e-04,1000
1611,2.422080e-01,7.266e-04,1000
1612,2.384391e-01,7.153e-04,1000
1613,2.368270e-01,7.105e-04,1000
1614,2.420291e-01,7.261e-04,1000
1615,2.378953e-01,7.137e-04,1000
1616,2.286033e-01,6.858e-04,1000
1617,2.388268e-01,7.165e-04,1000
1618,2.348791e-01,7.046e-04,1000
1619,2.367854e-01,7.104e-04,1000
1620,2.289793e-01,6.869e-04,1000
1621,2.315582e-01,6.947e-04,1000
1622,2.374137e-01,7.122e-04,1000
1623,2.352084e-01,7.056e-04,1000
1624,2.328530e-01,6.986e-04,1000
1625,2.371732e-01,7.115e-04,1000
1626,2.399186e-01,7.198e-04,1000
1627,2.397918e-01,7.194e-04,1000
1628,2.356770e-01,7.070e-04,1000
1629,2.371739e-01,7.115e-04,1000
1630,2.376649e-01,7.130e-04,1000
1631,2.348260e-01,7.045e-04,1000
1632,2.238941e-01,6.717e-04,1000
1633,2.335660e-01,7.007e-04,1000
1634,2.354247e-01,7.063e-04,1000
1635,2.329390e-01,6.988e-04,1000
1636,2.251820e-01,6.755e-04,1000
1637,2.293772e-01,6.881e-04,1000
1638,2.119507e-01,6.359e-04,1000
1639,2.246908e-01,6.741e-04,1000
1640,2.183412e-01,6.550e-04,1000
1641,2.213993e-01,6.642e-04,1000
1642,2.252403e-01,6.757e-04,1000
1643,2.251751e-01,6.755e-04,1000
1644,2.183413e-01,6.550e-04,1000
1645,2.268320e-01,6.805e-04,1000
1646,2.285989e-01,6.858e-04,1000
1647,2.229521e-01,6.689e-04,1000
1648,2.253058e-01,6.759e-04,1000
1649,2.187112e-01,6.561e-04,1000
1650,2.278733e-01,6.836e-04,1000
1651,2.262313e-01,6.787e-04,1000
1652,2.125908e-01,6.378e-04,1000
1653,2.249047e-01,6.747e-04,1000
1654,2.173444e-01,6.520e-04,1000
1655,2.237166e-01,6.711e-04,1000
1656,2.181999e-01,6.546e-04,1000
1657,2.254211e-01,6.763e-04,1000
1658,2.241426e-01,6.724e-04,1000
1659,2.225026e-01,6.675e-04,1000
1660,2.241560e-01,6.725e-04,1000
1661,2.203014e-01,6.609e-04,1000
1662,2.221238e-01,6.664e-04,1000
1663,2.200213e-01,6.601e-04,1000
1664,2.222590e-01,6.668e-04,1000
1665,2.133882e-01,6.402e-04,1000
1666,2.155321e-01,6.466e-04,1000
1667,2.176620e-01,6.530e-04,1000
1668,2.100467e-01,6.301e-04,1000
1669,2.174703e-01,6.524e-04,1000
1670,2.190826e-01,6.572e-04,1000
1671,2.173327e-01,6.520e-04,1000
1672,2.046998e-01,6.141e-04,1000
1673,2.163937e-01,6.492e-04,1000
1674,2.159124e-01,6.477e-04,1000
1675,2.014753e-01,6.044e-04,1000
1676,2.080522e-01,6.242e-04,1000
1677,2.130420e-01,6.391e-04,1000
1678,2.111140e-01,6.333e-04,1000
1679,2.081481e-01,6.244e-04,1000
1680,2.048462e-01,6.145e-04,1000
1681,2.045224e-01,6.136e-04,1000
1682,2.028775e-01,6.086e-04,1000
1683,2.056817e-01,6.170e-04,1000
1684,2.084521e-01,6.254e-04,1000
1685,2.097499e-01,6.292e-04,1000
1686,2.076012e-01,6.228e-04,1000
1687,2.072781e-01,6.218e-04,1000
1688,2.092148e-01,6.276e-04,1000
1689,2.007458e-01,6.022e-04,1000
1690,2.093239e-01,6.280e-04,1000
1691,2.094275e-01,6.283e-04,1000
1692,2.095315e-01,6.286e-04,1000
1693,2.054883e-01,6.165e-04,1000
1694,2.080896e-01,6.243e-04,1000
1695,2.073765e-01,6.221e-04,1000
1696,2.043236e-01,6.130e-04,1000
1697,2.047891e-01,6.144e-04,1000
1698,2.069953e-01,6.210e-04,1000
1699,2.068416e-01,6.205e-04,1000
1700,2.004367e-01,6.013e-04,1000
1701,1.998768e-01,5.996e-04,1000
1702,2.055456e-01,6.166e-04,1000
1703,2.046672e-01,6.140e-04,1000
1704,2.030875e-01,6.093e-04,1000
1705,2.036608e-01,6.110e-04,1000
1706,2.021280e-01,6.064e-04,1000
1707,2.007984e-01,6.024e-04,1000
1708,2.029764e-01,6.089e-04,1000
1709,2.016023e-01,6.048e-04,1000
1710,2.003022e-01,6.009e-04,1000
1711,1.792994e-01,5.379e-04,1000
1712,2.010863e-01,6.033e-04,1000
1713,2.001703e-01,6.005e-04,1000
1714,2.002065e-01,6.006e-04,1000
1715,2.002155e-01,6.006e-04,1000
1716,1.971666e-01,5.915e-04,1000
1717,1.982760e-01,5.948e-04,1000
1718,1.989544e-01,5.969e-04,1000
1719,1.980623e-01,5.942e-04,1000
1720,1.951282e-01,5.854e-04,1000
1721,1.951695e-01,5.855e-04,1000
1722,1.947880e-01,5.844e-04,1000
1723,1.871204e-01,5.614e-04,1000
1724,1.954635e-01,5.864e-04,1000
1725,1.949011e-01,5.847e-04,1000
1726,1.934709e-01,5.804e-04,1000
1727,1.910583e-01,5.732e-04,1000
1728,1.891906e-01,5.676e-04,1000
1729,1.909919e-01,5.730e-04,1000
1730,1.877326e-01,5.632e-04,1000
1731,1.889033e-01,5.667e-04,1000
1732,1.833882e-01,5.502e-04,1000
1733,1.761749e-01,5.285e-04,1000
1734,1.791996e-01,5.376e-04,1000
1735,1.809820e-01,5.429e-04,1000
1736,1.759891e-01,5.280e-04,1000
1737,1.793789e-01,5.381e-04,1000
1738,1.829320e-01,5.488e-04,1000
1739,1.830716e-01,5.492e-04,1000
1740,1.832995e-01,5.499e-04,1000
1741,1.779188e-01,5.338e-04,1000
1742,1.856677e-01,5.570e-04,1000
1743,1.839343e-01,5.518e-04,1000
1744,1.862603e-01,5.588e-04,1000
1745,1.812230e-01,5.437e-04,1000
1746,1.831671e-01,5.495e-04,1000
1747,1.792361e-01,5.377e-04,1000
1748,1.824513e-01,5.474e-04,1000
1749,1.852800e-01,5.558e-04,1000
1750,1.840708e-01,5.522e-04,1000
1751,1.811202e-01,5.434e-04,1000
1752,1.807752e-01,5.423e-04,1000
1753,1.827552e-01,5.483e-04,1000
1754,1.810887e-01,5.433e-04,1000
1755,1.792090e-01,5.376e-04,1000
1756,1.833726e-01,5.501e-04,1000
1757,1.824478e-01,5.473e-04,1000
1758,1.789165e-01,5.367e-04,1000
1759,1.816032e-01,5.448e-04,1000
1760,1.814648e-01,5.444e-04,1000
1761,1.755169e-01,5.266e-04,1000
1762,1.727085e-01,5.181e-04,1000
1763,1.794692e-01,5.384e-04,1000
1764,1.761133e-01,5.283e-04,1000
1765,1.805959e-01,5.418e-04,1000
1766,1.799430e-01,5.398e-04,1000
1767,1.788435e-01,5.365e-04,1000
1768,1.769786e-01,5.309e-04,1000
1769,1.785198e-01,5.356e-04,1000
1770,1.769570e-01,5.309e-04,1000
1771,1.737066e-01,5.211e-04,1000
1772,1.725380e-01,5.176e-04,1000
1773,1.747525e-01,5.243e-04,1000
1774,1.737647e-01,5.213e-04,1000
1775,1.740605e-01,5.222e-04,1000
1776,1.743459e-01,5.230e-04,1000
1777,1.683975e-01,5.052e-04,1000
1778,1.757079e-01,5.271e-04,1000
1779,1.722838e-01,5.169e-04,1000
1780,1.744822e-01,5.234e-04,1000
1781,1.705997e-01,5.118e-04,1000
1782,1.728553e-01,5.186e-04,1000
1783,1.685855e-01,5.058e-04,1000
1784,1.673083e-01,5.019e-04,1000
1785,1.700908e-01,5.103e-04,1000
1786,1.720222e-01,5.161e-04,1000
1787,1.723522e-01,5.171e-04,1000
1788,1.708834e-01,5.127e-04,1000
1789,1.697272e-01,5.092e-04,1000
1790,1.698066e-01,5.094e-04,1000
1791,1.710518e-01,5.132e-04,1000
1792,1.685904e-01,5.058e-04,1000
1793,1.652184e-01,4.957e-04,1000
1794,1.625866e-01,4.878e-04,1000
1795,1.686629e-01,5.060e-04,1000
1796,1.662371e-01,4.987e-04,1000
1797,1.663566e-01,4.991e-04,1000
1798,1.642959e-01,4.929e-04,1000
1799,1.628718e-01,4.886e-04,1000
1800,1.656506e-01,4.970e-04,1000
1801,1.619547e-01,4.859e-04,1000
1802,1.627539e-01,4.883e-04,1000
1803,1.626728e-01,4.880e-04,1000
1804,1.630154e-01,4.890e-04,1000
1805,1.625033e-01,4.875e-04,1000
1806,1.605071e-01,4.815e-04,1000
1807,1.615100e-01,4.845e-04,1000
1808,1.622844e-01,4.869e-04,1000
1809,1.607833e-01,4.824e-04,1000
1810,1.574497e-01,4.723e-04,1000
1811,1.596746e-01,4.790e-04,1000
1812,1.588355e-01,4.765e-04,1000
1813,1.580670e-01,4.742e-04,1000
1814,1.558210e-01,4.675e-04,1000
1815,1.554562e-01,4.664e-04,1000
1816,1.526965e-01,4.581e-04,1000
1817,1.491677e-01,4.475e-04,1000
1818,1.505585e-01,4.517e-04,1000
1819,1.516929e-01,4.551e-04,1000
1820,1.554684e-01,4.664e-04,1000
1821,1.570765e-01,4.712e-04,1000
1822,1.524290e-01,4.573e-04,1000
1823,1.561397e-01,4.684e-04,1000
1824,1.573558e-01,4.721e-04,1000
1825,1.583816e-01,4.751e-04,1000
1826,1.579511e-01,4.739e-04,1000
1827,1.565784e-01,4.697e-04,1000
1828,1.525822e-01,4.577e-04,1000
1829,1.573332e-01,4.720e-04,1000
1830,1.568914e-01,4.707e-04,1000
1831,1.571992e-01,4.716e-04,1000
1832,1.526534e-01,4.580e-04,1000
1833,1.565786e-01,4.697e-04,1000
1834,1.565378e-01,4.696e-04,1000
1835,1.563370e-01,4.690e-04,1000
1836,1.550978e-01,4.653e-04,1000
1837,1.440797e-01,4.322e-04,1000
1838,1.505468e-01,4.516e-04,1000
1839,1.533898e-01,4.602e-04,1000
1840,1.488786e-01,4.466e-04,1000
1841,1.495775e-01,4.487e-04,1000
1842,1.452987e-01,4.359e-04,1000
1843,1.504689e-01,4.514e-04,1000
1844,1.515494e-01,4.546e-04,1000
1845,1.483648e-01,4.451e-04,1000
1846,1.484820e-01,4.454e-04,1000
1847,1.391121e-01,4.173e-04,1000
1848,1.492253e-01,4.477e-04,1000
1849,1.520733e-01,4.562e-04,1000
1850,1.451674e-01,4.355e-04,1000
1851,1.518616e-01,4.556e-04,1000
1852,1.505580e-01,4.517e-04,1000
1853,1.503892e-01,4.512e-04,1000
1854,1.496646e-01,4.490e-04,1000
1855,1.452953e-01,4.359e-04,1000
1856,1.505331e-01,4.516e-04,1000
1857,1.487627e-01,4.463e-04,1000
1858,1.472110e-01,4.416e-04,1000
1859,1.466303e-01,4.399e-04,1000
1860,1.485063e-01,4.455e-04,1000
1861,1.470372e-01,4.411e-04,1000
1862,1.484290e-01,4.453e-04,1000
1863,1.481590e-01,4.445e-04,1000
1864,1.469228e-01,4.408e-04,1000
1865,1.453427e-01,4.360e-04,1000
1866,1.452465e-01,4.357e-04,1000
1867,1.471928e-01,4.416e-04,1000
1868,1.463894e-01,4.392e-04,1000
1869,1.449488e-01,4.348e-04,1000
1870,1.441280e-01,4.324e-04,1000
1871,1.432532e-01,4.298e-04,1000
1872,1.369531e-01,4.109e-04,1000
1873,1.395346e-01,4.186e-04,1000
1874,1.318815e-01,3.956e-04,1000
1875,1.075320e-01,3.226e-04,1000
1876,1.292366e-01,3.877e-04,1000
1877,1.340915e-01,4.023e-04,1000
1878,1.384529e-01,4.154e-04,1000
1879,1.412102e-01,4.236e-04,1000
1880,1.418000e-01,4.254e-04,1000
1881,1.426049e-01,4.278e-04,1000
1882,1.393060e-01,4.179e-04,1000
1883,1.420970e-01,4.263e-04,1000
1884,1.408854e-01,4.227e-04,1000
1885,1.383296e-01,4.150e-04,1000
1886,1.384823e-01,4.154e-04,1000
1887,1.406888e-01,4.221e-04,1000
1888,1.392246e-01,4.177e-04,1000
1889,1.378365e-01,4.135e-04,1000
1890,1.403385e-01,4.210e-04,1000
1891,1.359406e-01,4.078e-04,1000
1892,1.393077e-01,4.179e-04,1000
1893,1.357128e-01,4.071e-04,1000
1894,1.370601e-01,4.112e-04,1000
1895,1.364841e-01,4.095e-04,1000
1896,1.339444e-01,4.018e-04,1000
1897,1.381829e-01,4.145e-04,1000
1898,1.390451e-01,4.171e-04,1000
1899,1.357738e-01,4.073e-04,1000
1900,1.377578e-01,4.133e-04,1000
1901,1.377114e-01,4.131e-04,1000
1902,1.375224e-01,4.126e-04,1000
1903,1.339650e-01,4.019e-04,1000
1904,1.374238e-01,4.123e-04,1000
1905,1.360380e-01,4.081e-04,1000
1906,1.369017e-01,4.107e-04,1000
1907,1.352838e-01,4.059e-04,1000
1908,1.354348e-01,4.063e-04,1000
1909,1.359157e-01,4.077e-04,1000
1910,1.346294e-01,4.039e-04,1000
1911,1.322683e-01,3.968e-04,1000
1912,1.345499e-01,4.036e-04,1000
1913,1.350914e-01,4.053e-04,1000
1914,1.350123e-01,4.050e-04,1000
1915,1.344770e-01,4.034e-04,1000
1916,1.333463e-01,4.000e-04,1000
1917,1.339492e-01,4.018e-04,1000
1918,1.331093e-01,3.993e-04,1000
1919,1.280127e-01,3.840e-04,1000
1920,1.302604e-01,3.908e-04,1000
1921,1.319790e-01,3.959e-04,1000
1922,1.319094e-01,3.957e-04,1000
1923,1.319666e-01,3.959e-04,1000
1924,1.324456e-01,3.973e-04,1000
1925,1.321595e-01,3.965e-04,1000
1926,1.298770e-01,3.896e-04,1000
1927,1.312007e-01,3.936e-04,1000
1928,1.279952e-01,3.840e-04,1000
1929,1.311503e-01,3.935e-04,1000
1930,1.298456e-01,3.895e-04,1000
1931,1.246019e-01,3.738e-04,1000
1932,1.303237e-01,3.910e-04,1000
1933,1.296167e-01,3.889e-04,1000
1934,1.273381e-01,3.820e-04,1000
1935,1.292141e-01,3.876e-04,1000
1936,1.285242e-01,3.856e-04,1000
1937,1.279671e-01,3.839e-04,1000
1938,1.270241e-01,3.811e-04,1000
1939,1.219791e-01,3.659e-04,1000
1940,1.255248e-01,3.766e-04,1000
1941,1.243478e-01,3.730e-04,1000
1942,1.233800e-01,3.701e-04,1000
1943,1.147752e-01,3.443e-04,1000
1944,1.155577e-01,3.467e-04,1000
1945,1.086956e-01,3.261e-04,1000
1946,1.196424e-01,3.589e-04,1000
1947,1.216280e-01,3.649e-04,1000
1948,1.218355e-01,3.655e-04,1000
1949,1.195302e-01,3.586e-04,1000
1950,1.239658e-01,3.719e-04,1000
1951,1.136616e-01,3.410e-04,1000
1952,1.248799e-01,3.746e-04,1000
1953,1.238481e-01,3.715e-04,1000
1954,1.241975e-01,3.726e-04,1000
1955,1.245825e-01,3.737e-04,1000
1956,1.241358e-01,3.724e-04,1000
1957,1.236033e-01,3.708e-04,1000
1958,1.234920e-01,3.705e-04,1000
1959,1.228928e-01,3.687e-04,1000
1960,1.231204e-01,3.694e-04,1000
1961,1.214245e-01,3.643e-04,1000
1962,1.224120e-01,3.672e-04,1000
1963,1.234330e-01,3.703e-04,1000
1964,1.206888e-01,3.621e-04,1000
1965,1.230539e-01,3.692e-04,1000
1966,1.227790e-01,3.683e-04,1000
1967,1.225697e-01,3.677e-04,1000
1968,1.223982e-01,3.672e-04,1000
1969,1.214822e-01,3.644e-04,1000
1970,1.220732e-01,3.662e-04,1000
1971,1.214243e-01,3.643e-04,1000
1972,1.123709e-01,3.371e-04,1000
1973,1.179915e-01,3.540e-04,1000
1974,1.201370e-01,3.604e-04,1000
1975,1.204284e-01,3.613e-04,1000
1976,1.204819e-01,3.614e-04,1000
1977,1.202684e-01,3.608e-04,1000
1978,1.113033e-01,3.339e-04,1000
1979,1.173178e-01,3.520e-04,1000
1980,1.196879e-01,3.591e-04,1000
1981,1.193672e-01,3.581e-04,1000
1982,1.171082e-01,3.513e-04,1000
1983,1.190057e-01,3.570e-04,1000
1984,1.188931e-01,3.567e-04,1000
1985,1.128903e-01,3.387e-04,1000
1986,1.139877e-01,3.420e-04,1000
1987,1.183128e-01,3.549e-04,1000
1988,1.179060e-01,3.537e-04,1000
1989,1.176870e-01,3.531e-04,1000
1990,1.175023e-01,3.525e-04,1000
1991,1.171672e-01,3.515e-04,1000
1992,1.149324e-01,3.448e-04,1000
1993,1.100072e-01,3.300e-04,1000
1994,1.161810e-01,3.485e-04,1000
1995,1.155235e-01,3.466e-04,1000
1996,1.145061e-01,3.435e-04,1000
1997,1.137045e-01,3.411e-04,1000
1998,1.156192e-01,3.469e-04,1000
1999,1.156575e-01,3.470e-04,1000
2000,1.153616e-01,3.461e-04,1000
2001,1.138060e-01,3.414e-04,1000
2002,1.128855e-01,3.387e-04,1000
2003,1.146488e-01,3.439e-04,1000
2004,1.138890e-01,3.417e-04,1000
2005,1.126792e-01,3.380e-04,1000
2006,1.141123e-01,3.423e-04,1000
2007,1.132808e-01,3.398e-04,1000
2008,1.138563e-01,3.416e-04,1000
2009,1.124303e-01,3.373e-04,1000
2010,1.134860e-01,3.405e-04,1000
2011,1.129860e-01,3.390e-04,1000
2012,1.130252e-01,3.391e-04,1000
2013,1.126415e-01,3.379e-04,1000
2014,1.122999e-01,3.369e-04,1000
2015,1.123438e-01,3.370e-04,1000
2016,1.120964e-01,3.363e-04,1000
2017,1.117014e-01,3.351e-04,1000
2018,1.118012e-01,3.354e-04,1000
2019,1.116463e-01,3.349e-04,1000
2020,1.112073e-01,3.336e-04,1000
2021,1.111242e-01,3.334e-04,1000
2022,1.110249e-01,3.331e-04,1000
2023,1.106347e-01,3.319e-04,1000
2024,1.101897e-01,3.306e-04,1000
2025,1.103978e-01,3.312e-04,1000
2026,1.098888e-01,3.297e-04,1000
2027,1.098841e-01,3.297e-04,1000
2028,1.084001e-01,3.252e-04,1000
2029,1.091769e-01,3.275e-04,1000
2030,1.060531e-01,3.182e-04,1000
2031,1.092712e-01,3.278e-04,1000
2032,1.089114e-01,3.267e-04,1000
2033,1.086144e-01,3.258e-04,1000
2034,1.073716e-01,3.221e-04,1000
2035,1.080740e-01,3.242e-04,1000
2036,1.077725e-01,3.233e-04,1000
2037,1.078797e-01,3.236e-04,1000
2038,1.050605e-01,3.152e-04,1000
2039,1.077038e-01,3.231e-04,1000
2040,1.074449e-01,3.223e-04,1000
2041,1.070873e-01,3.213e-04,1000
2042,1.070690e-01,3.212e-04,1000
2043,1.070463e-01,3.211e-04,1000
2044,1.065484e-01,3.196e-04,1000
2045,1.062193e-01,3.187e-04,1000
2046,1.063814e-01,3.191e-04,1000
2047,1.058791e-01,3.176e-04,1000
2048,1.058826e-01,3.176e-04,1000
2049,1.054602e-01,3.164e-04,1000
2050,1.049840e-01,3.150e-04,1000
2051,1.053623e-01,3.161e-04,1000
2052,1.053371e-01,3.160e-04,1000
2053,1.051247e-01,3.154e-04,1000
2054,1.048944e-01,3.147e-04,1000
2055,1.047193e-01,3.142e-04,1000
2056,1.043486e-01,3.130e-04,1000
2057,1.043708e-01,3.131e-04,1000
2058,1.035601e-01,3.107e-04,1000
2059,1.037683e-01,3.113e-04,1000
2060,1.007080e-01,3.021e-04,1000
2061,1.036608e-01,3.110e-04,1000
2062,1.033079e-01,3.099e-04,1000
2063,1.000756e-01,3.002e-04,1000
2064,1.029880e-01,3.090e-04,1000
2065,1.028333e-01,3.085e-04,1000
2066,1.027477e-01,3.082e-04,1000
2067,1.025291e-01,3.076e-04,1000
2068,1.016969e-01,3.051e-04,1000
2069,1.021701e-01,3.065e-04,1000
2070,9.879917e-02,2.964e-04,1000
2071,1.015094e-01,3.045e-04,1000
2072,9.978746e-02,2.994e-04,1000
2073,1.007852e-01,3.024e-04,1000
2074,1.003930e-01,3.012e-04,1000
2075,1.010742e-01,3.032e-04,1000
2076,1.007946e-01,3.024e-04,1000
2077,1.007179e-01,3.022e-04,1000
2078,1.006570e-01,3.020e-04,1000
2079,1.003453e-01,3.010e-04,1000
2080,9.865967e-02,2.960e-04,1000
2081,9.832080e-02,2.950e-04,1000
2082,9.976308e-02,2.993e-04,1000
2083,9.946025e-02,2.984e-04,1000
2084,9.762668e-02,2.929e-04,1000
2085,9.899721e-02,2.970e-04,1000
2086,9.896066e-02,2.969e-04,1000
2087,9.894877e-02,2.968e-04,1000
2088,9.871905e-02,2.962e-04,1000
2089,9.813495e-02,2.944e-04,1000
2090,9.844109e-02,2.953e-04,1000
2091,9.798304e-02,2.939e-04,1000
2092,9.399519e-02,2.820e-04,1000
2093,9.743876e-02,2.923e-04,1000
2094,9.769378e-02,2.931e-04,1000
2095,9.726668e-02,2.918e-04,1000
2096,9.693842e-02,2.908e-04,1000
2097,9.689086e-02,2.907e-04,1000
2098,9.709085e-02,2.913e-04,1000
2099,9.678286e-02,2.903e-04,1000
2100,9.679074e-02,2.904e-04,1000
2101,9.638700e-02,2.892e-04,1000
2102,9.561325e-02,2.868e-04,1000
2103,9.620196e-02,2.886e-04,1000
2104,9.575219e-02,2.873e-04,1000
2105,9.497258e-02,2.849e-04,1000
2106,8.780556e-02,2.634e-04,1000
2107,9.467456e-02,2.840e-04,1000
2108,9.513328e-02,2.854e-04,1000
2109,9.258936e-02,2.778e-04,1000
2110,9.460626e-02,2.838e-04,1000
2111,9.439545e-02,2.832e-04,1000
2112,9.428351e-02,2.829e-04,1000
2113,9.380706e-02,2.814e-04,1000
2114,9.295266e-02,2.789e-04,1000
2115,9.369255e-02,2.811e-04,1000
2116,9.055335e-02,2.717e-04,1000
2117,9.275320e-02,2.783e-04,1000
2118,9.348933e-02,2.805e-04,1000
2119,9.225116e-02,2.768e-04,1000
2120,9.207816e-02,2.762e-04,1000
2121,9.065633e-02,2.720e-04,1000
2122,9.276003e-02,2.783e-04,1000
2123,9.246552e-02,2.774e-04,1000
2124,9.193108e-02,2.758e-04,1000
2125,9.240323e-02,2.772e-04,1000
2126,9.098593e-02,2.730e-04,1000
2127,9.224424e-02,2.767e-04,1000
2128,9.212565e-02,2.764e-04,1000
2129,9.193496e-02,2.758e-04,1000
2130,9.137220e-02,2.741e-04,1000
2131,9.169736e-02,2.751e-04,1000
2132,9.146435e-02,2.744e-04,1000
2133,9.111827e-02,2.734e-04,1000
2134,9.112504e-02,2.734e-04,1000
2135,8.933504e-02,2.680e-04,1000
2136,8.866359e-02,2.660e-04,1000
2137,8.995647e-02,2.699e-04,1000
2138,9.055587e-02,2.717e-04,1000
2139,8.988816e-02,2.697e-04,1000
2140,9.035518e-02,2.711e-04,1000
2141,9.023189e-02,2.707e-04,1000
2142,8.996502e-02,2.699e-04,1000
2143,8.863873e-02,2.659e-04,1000
2144,8.895243e-02,2.669e-04,1000
2145,8.868970e-02,2.661e-04,1000
2146,8.880505e-02,2.664e-04,1000
2147,8.913004e-02,2.674e-04,1000
2148,8.880357e-02,2.664e-04,1000
2149,8.830088e-02,2.649e-04,1000
2150,8.880421e-02,2.664e-04,1000
2151,8.860737e-02,2.658e-04,1000
2152,8.798641e-02,2.640e-04,1000
2153,8.818242e-02,2.645e-04,1000
2154,8.790027e-02,2.637e-04,1000
2155,8.779737e-02,2.634e-04,1000
2156,8.761107e-02,2.628e-04,1000
2157,8.720613e-02,2.616e-04,1000
2158,8.727377e-02,2.618e-04,1000
2159,8.693975e-02,2.608e-04,1000
2160,8.652490e-02,2.596e-04,1000
2161,8.579199e-02,2.574e-04,1000
2162,8.553747e-02,2.566e-04,1000
2163,8.450878e-02,2.535e-04,1000
2164,8.304208e-02,2.491e-04,1000
2165,7.818809e-02,2.346e-04,1000
2166,7.616959e-02,2.285e-04,1000
2167,8.190100e-02,2.457e-04,1000
2168,8.374391e-02,2.512e-04,1000
2169,8.420984e-02,2.526e-04,1000
2170,8.440595e-02,2.532e-04,1000
2171,8.493766e-02,2.548e-04,1000
2172,8.495332e-02,2.549e-04,1000
2173,8.501941e-02,2.551e-04,1000
2174,8.478359e-02,2.544e-04,1000
2175,8.491505e-02,2.547e-04,1000
2176,8.440550e-02,2.532e-04,1000
2177,8.466490e-02,2.540e-04,1000
2178,8.109304e-02,2.433e-04,1000
2179,8.428971e-02,2.529e-04,1000
2180,8.443529e-02,2.533e-04,1000
2181,8.431597e-02,2.529e-04,1000
2182,8.161065e-02,2.448e-04,1000
2183,8.388685e-02,2.517e-04,1000
2184,8.372362e-02,2.512e-04,1000
2185,8.377031e-02,2.513e-04,1000
2186,8.338389e-02,2.502e-04,1000
2187,8.317145e-02,2.495e-04,1000
2188,7.933419e-02,2.380e-04,1000
2189,8.327129e-02,2.498e-04,1000
2190,8.217648e-02,2.465e-04,1000
2191,8.304624e-02,2.491e-04,1000
2192,8.278772e-02,2.484e-04,1000
2193,8.260447e-02,2.478e-04,1000
2194,8.259612e-02,2.478e-04,1000
2195,8.244475e-02,2.473e-04,1000
2196,8.226442e-02,2.468e-04,1000
2197,8.224704e-02,2.467e-04,1000
2198,8.190899e-02,2.457e-04,1000
2199,8.119347e-02,2.436e-04,1000
2200,8.166068e-02,2.450e-04,1000
2201,8.150691e-02,2.445e-04,1000
2202,8.149887e-02,2.445e-04,1000
2203,8.141038e-02,2.442e-04,1000
2204,8.128772e-02,2.439e-04,1000
2205,8.087344e-02,2.426e-04,1000
2206,7.467432e-02,2.240e-04,1000
2207,8.015267e-02,2.405e-04,1000
2208,7.902435e-02,2.371e-04,1000
2209,7.999516e-02,2.400e-04,1000
2210,8.053020e-02,2.416e-04,1000
2211,8.027640e-02,2.408e-04,1000
2212,8.027820e-02,2.408e-04,1000
2213,8.002986e-02,2.401e-04,1000
2214,7.997760e-02,2.399e-04,1000
2215,7.976051e-02,2.393e-04,1000
2216,7.956797e-02,2.387e-04,1000
2217,7.950543e-02,2.385e-04,1000
2218,7.939992e-02,2.382e-04,1000
2219,7.934207e-02,2.380e-04,1000
2220,7.914597e-02,2.374e-04,1000
2221,7.898983e-02,2.370e-04,1000
2222,7.892881e-02,2.368e-04,1000
2223,7.871537e-02,2.361e-04,1000
2224,7.866798e-02,2.360e-04,1000
2225,7.848204e-02,2.354e-04,1000
2226,7.602759e-02,2.281e-04,1000
2227,7.829246e-02,2.349e-04,1000
2228,7.803958e-02,2.341e-04,1000
2229,7.807816e-02,2.342e-04,1000
2230,7.782775e-02,2.335e-04,1000
2231,7.778384e-02,2.334e-04,1000
2232,7.769176e-02,2.331e-04,1000
2233,7.753371e-02,2.326e-04,1000
2234,7.737938e-02,2.321e-04,1000
2235,7.718504e-02,2.316e-04,1000
2236,7.714630e-02,2.314e-04,1000
2237,7.693034e-02,2.308e-04,1000
2238,7.500082e-02,2.250e-04,1000
2239,7.596355e-02,2.279e-04,1000
2240,7.661379e-02,2.298e-04,1000
2241,7.642487e-02,2.293e-04,1000
2242,7.564870e-02,2.269e-04,1000
2243,7.613005e-02,2.284e-04,1000
2244,7.615424e-02,2.285e-04,1000
2245,7.602866e-02,2.281e-04,1000
2246,7.586598e-02,2.276e-04,1000
2247,7.424204e-02,2.227e-04,1000
2248,7.542708e-02,2.263e-04,1000
2249,7.543950e-02,2.263e-04,1000
2250,7.526000e-02,2.258e-04,1000
2251,7.480300e-02,2.244e-04,1000
2252,7.450971e-02,2.235e-04,1000
2253,7.476570e-02,2.243e-04,1000
2254,7.309339e-02,2.193e-04,1000
2255,7.414007e-02,2.224e-04,1000
2256,7.442237e-02,2.233e-04,1000
2257,7.429778e-02,2.229e-04,1000
2258,7.415944e-02,2.225e-04,1000
2259,7.432409e-02,2.230e-04,1000
2260,7.413037e-02,2.224e-04,1000
2261,7.261593e-02,2.178e-04,1000
2262,7.181992e-02,2.155e-04,1000
2263,7.150808e-02,2.145e-04,1000
2264,7.362124e-02,2.209e-04,1000
2265,7.093895e-02,2.128e-04,1000
2266,7.313263e-02,2.194e-04,1000
2267,7.196441e-02,2.159e-04,1000
2268,7.323874e-02,2.197e-04,1000
2269,7.299826e-02,2.190e-04,1000
2270,7.290818e-02,2.187e-04,1000
2271,7.199851e-02,2.160e-04,1000
2272,7.274564e-02,2.182e-04,1000
2273,7.262819e-02,2.179e-04,1000
2274,7.160420e-02,2.148e-04,1000
2275,7.230886e-02,2.169e-04,1000
2276,7.205334e-02,2.162e-04,1000
2277,7.196943e-02,2.159e-04,1000
2278,7.204589e-02,2.161e-04,1000
2279,7.163585e-02,2.149e-04,1000
2280,7.113855e-02,2.134e-04,1000
2281,6.581615e-02,1.974e-04,1000
2282,7.087773e-02,2.126e-04,1000
2283,7.089347e-02,2.127e-04,1000
2284,7.135731e-02,2.141e-04,1000
2285,7.071687e-02,2.122e-04,1000
2286,7.107282e-02,2.132e-04,1000
2287,7.098972e-02,2.130e-04,1000
2288,7.078945e-02,2.124e-04,1000
2289,7.052867e-02,2.116e-04,1000
2290,7.064008e-02,2.119e-04,1000
2291,6.959917e-02,2.088e-04,1000
2292,7.020847e-02,2.106e-04,1000
2293,6.856659e-02,2.057e-04,1000
2294,6.861529e-02,2.058e-04,1000
2295,6.908094e-02,2.072e-04,1000
2296,6.886258e-02,2.066e-04,1000
2297,6.919293e-02,2.076e-04,1000
2298,6.944698e-02,2.083e-04,1000
2299,6.882693e-02,2.065e-04,1000
2300,6.910806e-02,2.073e-04,1000
2301,6.912074e-02,2.074e-04,1000
2302,6.877771e-02,2.063e-04,1000
2303,6.879353e-02,2.064e-04,1000
2304,6.870537e-02,2.061e-04,1000
2305,6.848075e-02,2.054e-04,1000
2306,6.848190e-02,2.054e-04,1000
2307,6.849233e-02,2.055e-04,1000
2308,6.818799e-02,2.046e-04,1000
2309,6.844764e-02,2.053e-04,1000
2310,6.816005e-02,2.045e-04,1000
2311,6.800236e-02,2.040e-04,1000
2312,6.796559e-02,2.039e-04,1000
2313,6.783629e-02,2.035e-04,1000
2314,6.722009e-02,2.017e-04,1000
2315,6.682648e-02,2.005e-04,1000
2316,6.733407e-02,2.020e-04,1000
2317,6.664369e-02,1.999e-04,1000
2318,6.712999e-02,2.014e-04,1000
2319,6.696100e-02,2.009e-04,1000
2320,6.702956e-02,2.011e-04,1000
2321,6.714136e-02,2.014e-04,1000
2322,6.519227e-02,1.956e-04,1000
2323,6.499400e-02,1.950e-04,1000
2324,6.555452e-02,1.967e-04,1000
2325,6.550427e-02,1.965e-04,1000
2326,6.555232e-02,1.967e-04,1000
2327,6.599917e-02,1.980e-04,1000
2328,6.532645e-02,1.960e-04,1000
2329,6.587067e-02,1.976e-04,1000
2330,6.560554e-02,1.968e-04,1000
2331,6.509090e-02,1.953e-04,1000
2332,6.557454e-02,1.967e-04,1000
2333,6.506442e-02,1.952e-04,1000
2334,6.537587e-02,1.961e-04,1000
2335,6.348436e-02,1.905e-04,1000
2336,6.522257e-02,1.957e-04,1000
2337,6.512852e-02,1.954e-04,1000
2338,6.276852e-02,1.883e-04,1000
2339,6.484641e-02,1.945e-04,1000
2340,6.470285e-02,1.941e-04,1000
2341,6.472035e-02,1.942e-04,1000
2342,6.470422e-02,1.941e-04,1000
2343,6.473570e-02,1.942e-04,1000
2344,6.435702e-02,1.931e-04,1000
2345,6.432472e-02,1.930e-04,1000
2346,6.431895e-02,1.930e-04,1000
2347,6.438728e-02,1.932e-04,1000
2348,6.409077e-02,1.923e-04,1000
2349,6.405880e-02,1.922e-04,1000
2350,6.393698e-02,1.918e-04,1000
2351,6.353802e-02,1.906e-04,1000
2352,6.159081e-02,1.848e-04,1000
2353,6.218083e-02,1.865e-04,1000
2354,6.241416e-02,1.872e-04,1000
2355,6.278384e-02,1.884e-04,1000
2356,6.282693e-02,1.885e-04,1000
2357,6.152850e-02,1.846e-04,1000
2358,6.211139e-02,1.863e-04,1000
2359,6.247544e-02,1.874e-04,1000
2360,6.268698e-02,1.881e-04,1000
2361,6.255801e-02,1.877e-04,1000
2362,6.256149e-02,1.877e-04,1000
2363,6.233923e-02,1.870e-04,1000
2364,6.237855e-02,1.871e-04,1000
2365,6.233733e-02,8.098e-04,1000
2366,6.195740e-02,8.054e-04,1000
2367,6.223812e-02,8.091e-04,1000
2368,6.196915e-02,8.056e-04,1000
2369,6.186924e-02,8.043e-04,1000
2370,6.143452e-02,7.986e-04,1000
2371,6.182033e-02,8.037e-04,1000
2372,6.170849e-02,8.022e-04,1000
2373,6.149615e-02,7.994e-04,1000
2374,6.193146e-02,8.051e-04,1000
2375,6.151130e-02,7.996e-04,1000
2376,6.162429e-02,8.011e-04,1000
2377,6.175710e-02,8.028e-04,1000
2378,6.141230e-02,7.984e-04,1000
2379,6.107648e-02,7.940e-04,1000
2380,6.132429e-02,7.972e-04,1000
2381,6.116908e-02,7.952e-04,1000
2382,6.063125e-02,7.882e-04,1000
2383,5.902132e-02,7.673e-04,1000
2384,5.888005e-02,7.654e-04,1000
2385,5.806430e-02,7.548e-04,1000
2386,5.744303e-02,7.468e-04,1000
2387,5.971038e-02,7.762e-04,1000
2388,6.012296e-02,7.816e-04,1000
2389,5.997129e-02,7.796e-04,1000
2390,6.020792e-02,7.827e-04,1000
2391,5.981922e-02,7.776e-04,1000
2392,5.986864e-02,7.783e-04,1000
2393,5.955637e-02,7.742e-04,1000
2394,5.976179e-02,7.769e-04,1000
2395,5.922516e-02,7.699e-04,1000
2396,5.958561e-02,7.746e-04,1000
2397,5.955418e-02,7.742e-04,1000
2398,5.971510e-02,7.763e-04,1000
2399,5.951056e-02,7.736e-04,1000
2400,5.900864e-02,7.671e-04,1000
2401,5.930662e-02,7.710e-04,1000
2402,5.929754e-02,7.709e-04,1000
2403,5.916307e-02,7.691e-04,1000
2404,5.888456e-02,7.655e-04,1000
2405,5.883640e-02,7.649e-04,1000
2406,5.918082e-02,7.694e-04,1000
2407,5.883289e-02,7.648e-04,1000
2408,5.862535e-02,7.621e-04,1000
2409,5.857647e-02,7.615e-04,1000
2410,5.867277e-02,7.627e-04,1000
2411,5.836197e-02,7.587e-04,1000
2412,5.854527e-02,7.611e-04,1000
2413,5.808699e-02,7.551e-04,1000
2414,5.661686e-02,7.360e-04,1000
2415,5.734531e-02,7.455e-04,1000
2416,5.716771e-02,7.432e-04,1000
2417,5.765449e-02,7.495e-04,1000
2418,5.760010e-02,7.488e-04,1000
2419,5.731259e-02,7.451e-04,1000
2420,5.721681e-02,7.438e-04,1000
2421,5.755230e-02,7.482e-04,1000
2422,5.723934e-02,7.441e-04,1000
2423,5.716139e-02,7.431e-04,1000
2424,5.725808e-02,7.444e-04,1000
2425,5.687703e-02,7.394e-04,1000
2426,5.702437e-02,7.413e-04,1000
2427,5.671380e-02,7.373e-04,1000
2428,5.660194e-02,7.358e-04,1000
2429,5.681399e-02,7.386e-04,1000
2430,5.678842e-02,7.382e-04,1000
2431,5.621162e-02,7.308e-04,1000
2432,5.659095e-02,7.357e-04,1000
2433,5.638945e-02,7.331e-04,1000
2434,5.636146e-02,7.327e-04,1000
2435,5.594323e-02,7.273e-04,1000
2436,5.624124e-02,7.311e-04,1000
2437,5.617484e-02,7.303e-04,1000
2438,5.527409e-02,7.186e-04,1000
2439,5.605648e-02,7.287e-04,1000
2440,5.590395e-02,7.268e-04,1000
2441,5.578019e-02,7.251e-04,1000
2442,5.573170e-02,7.245e-04,1000
2443,5.597688e-02,7.277e-04,1000
2444,5.522565e-02,7.179e-04,1000
2445,5.564989e-02,7.234e-04,1000
2446,5.397533e-02,7.017e-04,1000
2447,5.433882e-02,7.064e-04,1000
2448,5.470339e-02,7.111e-04,1000
2449,5.445767e-02,7.079e-04,1000
2450,5.420918e-02,7.047e-04,1000
2451,5.479190e-02,7.123e-04,1000
2452,5.468959e-02,7.110e-04,1000
2453,5.415025e-02,7.040e-04,1000
2454,5.453398e-02,7.089e-04,1000
2455,5.335001e-02,6.936e-04,1000
2456,5.375766e-02,6.988e-04,1000
2457,5.247464e-02,6.822e-04,1000
2458,5.402691e-02,7.023e-04,1000
2459,5.410404e-02,7.034e-04,1000
2460,5.431987e-02,7.062e-04,1000
2461,5.413206e-02,7.037e-04,1000
2462,5.348617e-02,6.953e-04,1000
2463,5.372786e-02,6.985e-04,1000
2464,5.371160e-02,6.983e-04,1000
2465,5.331153e-02,6.930e-04,1000
2466,5.397096e-02,7.016e-04,1000
2467,5.362592e-02,6.971e-04,1000
2468,5.353111e-02,6.959e-04,1000
2469,5.352804e-02,6.959e-04,1000
2470,5.334580e-02,6.935e-04,1000
2471,5.321292e-02,6.918e-04,1000
2472,5.329479e-02,6.928e-04,1000
2473,5.180249e-02,6.734e-04,1000
2474,5.317499e-02,6.913e-04,1000
2475,5.289276e-02,6.876e-04,1000
2476,5.290538e-02,6.878e-04,1000
2477,5.304292e-02,6.896e-04,1000
2478,5.218955e-02,6.785e-04,1000
2479,5.163583e-02,6.713e-04,1000
2480,4.956165e-02,6.443e-04,1000
2481,5.202314e-02,6.763e-04,1000
2482,4.855044e-02,6.312e-04,1000
2483,5.192032e-02,6.750e-04,1000
2484,5.221916e-02,6.788e-04,1000
2485,5.172844e-02,6.725e-04,1000
2486,4.783840e-02,6.219e-04,1000
2487,5.146368e-02,6.690e-04,1000
2488,5.177765e-02,6.731e-04,1000
2489,5.153531e-02,6.700e-04,1000
2490,5.165045e-02,6.715e-04,1000
2491,5.148075e-02,6.692e-04,1000
2492,5.148579e-02,6.693e-04,1000
2493,5.116394e-02,6.651e-04,1000
2494,5.103753e-02,6.635e-04,1000
2495,5.147917e-02,6.692e-04,1000
2496,5.125674e-02,6.663e-04,1000
2497,5.094109e-02,6.622e-04,1000
2498,5.112795e-02,6.647e-04,1000
2499,5.101702e-02,6.632e-04,1000
2500,5.096024e-02,6.625e-04,1000
2501,5.091168e-02,6.619e-04,1000
2502,5.060283e-02,6.578e-04,1000
2503,5.076677e-02,6.600e-04,1000
2504,5.055234e-02,6.572e-04,1000
2505,5.065125e-02,6.585e-04,1000
2506,5.073879e-02,6.596e-04,1000
2507,4.975123e-02,6.468e-04,1000
2508,5.045375e-02,6.559e-04,1000
2509,5.027039e-02,6.535e-04,1000
2510,4.961824e-02,6.450e-04,1000
2511,4.981614e-02,6.476e-04,1000
2512,4.925213e-02,6.403e-04,1000
2513,4.977259e-02,6.470e-04,1000
2514,4.956739e-02,6.444e-04,1000
2515,4.964922e-02,6.454e-04,1000
2516,4.969982e-02,6.461e-04,1000
2517,4.916463e-02,6.391e-04,1000
2518,4.928252e-02,6.407e-04,1000
2519,4.932599e-02,6.412e-04,1000
2520,4.940050e-02,6.422e-04,1000
2521,4.928366e-02,6.407e-04,1000
2522,4.938743e-02,6.420e-04,1000
2523,4.903906e-02,6.375e-04,1000
2524,4.902665e-02,6.373e-04,1000
2525,4.890985e-02,6.358e-04,1000
2526,4.892201e-02,6.360e-04,1000
2527,4.866929e-02,6.327e-04,1000
2528,4.884343e-02,6.350e-04,1000
2529,4.856456e-02,6.313e-04,1000
2530,4.874998e-02,6.337e-04,1000
2531,4.863216e-02,6.322e-04,1000
2532,4.840720e-02,6.293e-04,1000
2533,4.848381e-02,6.303e-04,1000
2534,4.852631e-02,6.308e-04,1000
2535,4.835220e-02,6.286e-04,1000
2536,4.824862e-02,6.272e-04,1000
2537,4.801156e-02,6.242e-04,1000
2538,4.753080e-02,6.179e-04,1000
2539,4.800980e-02,6.241e-04,1000
2540,4.713831e-02,6.128e-04,1000
2541,4.282082e-02,5.567e-04,1000
2542,4.542776e-02,5.906e-04,1000
2543,4.772975e-02,6.205e-04,1000
2544,4.718649e-02,6.134e-04,1000
2545,4.752844e-02,6.179e-04,1000
2546,4.693086e-02,6.101e-04,1000
2547,4.709651e-02,6.123e-04,1000
2548,4.670820e-02,6.072e-04,1000
2549,4.700295e-02,6.110e-04,1000
2550,4.714172e-02,6.128e-04,1000
2551,4.656633e-02,6.054e-04,1000
2552,4.530425e-02,5.890e-04,1000
2553,4.677983e-02,6.081e-04,1000
2554,4.660117e-02,6.058e-04,1000
2555,4.654564e-02,6.051e-04,1000
2556,4.616189e-02,6.001e-04,1000
2557,4.629889e-02,6.019e-04,1000
2558,4.638062e-02,6.029e-04,1000
2559,4.675505e-02,6.078e-04,1000
2560,4.562460e-02,5.931e-04,1000
2561,4.520969e-02,5.877e-04,1000
2562,4.488877e-02,5.836e-04,1000
2563,4.599349e-02,5.979e-04,1000
2564,4.551684e-02,5.917e-04,1000
2565,4.612618e-02,5.996e-04,1000
2566,4.603608e-02,5.985e-04,1000
2567,4.531689e-02,5.891e-04,1000
2568,4.600810e-02,5.981e-04,1000
2569,4.579083e-02,5.953e-04,1000
2570,4.535928e-02,5.897e-04,1000
2571,4.563963e-02,5.933e-04,1000
2572,4.580132e-02,5.954e-04,1000
2573,4.564033e-02,5.933e-04,1000
2574,4.549879e-02,5.915e-04,1000
2575,4.548380e-02,5.913e-04,1000
2576,4.548995e-02,5.914e-04,1000
2577,4.523273e-02,5.880e-04,1000
2578,4.538958e-02,5.901e-04,1000
2579,4.546225e-02,5.910e-04,1000
2580,4.516218e-02,5.871e-04,1000
2581,4.471314e-02,5.813e-04,1000
2582,4.494238e-02,5.843e-04,1000
2583,4.466846e-02,5.807e-04,1000
2584,4.428149e-02,5.757e-04,1000
2585,4.433419e-02,5.763e-04,1000
2586,4.199564e-02,5.459e-04,1000
2587,4.436098e-02,5.767e-04,1000
2588,4.449979e-02,5.785e-04,1000
2589,4.455814e-02,5.793e-04,1000
2590,4.438515e-02,5.770e-04,1000
2591,4.454009e-02,5.790e-04,1000
2592,4.320042e-02,5.616e-04,1000
2593,4.342583e-02,5.645e-04,1000
2594,4.370683e-02,5.682e-04,1000
2595,4.292726e-02,5.581e-04,1000
2596,4.313655e-02,5.608e-04,1000
2597,4.343362e-02,5.646e-04,1000
2598,4.387874e-02,5.704e-04,1000
2599,4.359589e-02,5.667e-04,1000
2600,4.360210e-02,5.668e-04,1000
2601,4.304938e-02,5.596e-04,1000
2602,4.354224e-02,5.660e-04,1000
2603,4.359586e-02,5.667e-04,1000
2604,4.326472e-02,5.624e-04,1000
2605,4.353020e-02,5.659e-04,1000
2606,4.344445e-02,5.648e-04,1000
2607,4.353524e-02,5.660e-04,1000
2608,4.336657e-02,5.638e-04,1000
2609,4.330172e-02,5.629e-04,1000
2610,4.336616e-02,5.638e-04,1000
2611,4.318689e-02,5.614e-04,1000
2612,4.310590e-02,5.604e-04,1000
2613,4.310304e-02,5.603e-04,1000
2614,4.301189e-02,5.592e-04,1000
2615,4.305893e-02,5.598e-04,1000
2616,4.269963e-02,5.551e-04,1000
2617,4.259532e-02,5.537e-04,1000
2618,4.211522e-02,5.475e-04,1000
2619,4.225073e-02,5.493e-04,1000
2620,4.224648e-02,5.492e-04,1000
2621,4.181918e-02,5.436e-04,1000
2622,4.080036e-02,5.304e-04,1000
2623,4.128218e-02,5.367e-04,1000
2624,4.016468e-02,5.221e-04,1000
2625,3.669842e-02,4.771e-04,1000
2626,3.812293e-02,4.956e-04,1000
2627,4.044827e-02,5.258e-04,1000
2628,4.121430e-02,5.358e-04,1000
2629,4.138642e-02,5.380e-04,1000
2630,4.148092e-02,5.393e-04,1000
2631,4.118375e-02,5.354e-04,1000
2632,4.179740e-02,5.434e-04,1000
2633,4.174766e-02,5.427e-04,1000
2634,4.165863e-02,5.416e-04,1000
2635,4.159221e-02,5.407e-04,1000
2636,4.173092e-02,5.425e-04,1000
2637,4.149276e-02,5.394e-04,1000
2638,4.159723e-02,5.408e-04,1000
2639,3.958628e-02,5.146e-04,1000
2640,3.957137e-02,5.144e-04,1000
2641,4.143954e-02,5.387e-04,1000
2642,4.071347e-02,5.293e-04,1000
2643,4.137115e-02,5.378e-04,1000
2644,4.122728e-02,5.360e-04,1000
2645,4.124975e-02,5.362e-04,1000
2646,4.112843e-02,5.347e-04,1000
2647,4.088429e-02,5.315e-04,1000
2648,4.068028e-02,5.288e-04,1000
2649,4.100181e-02,5.330e-04,1000
2650,4.103532e-02,5.335e-04,1000
2651,4.053948e-02,5.270e-04,1000
2652,4.082834e-02,5.308e-04,1000
2653,4.084870e-02,5.310e-04,1000
2654,3.946005e-02,5.130e-04,1000
2655,4.027570e-02,5.236e-04,1000
2656,4.055819e-02,5.273e-04,1000
2657,4.057411e-02,5.275e-04,1000
2658,4.045620e-02,5.259e-04,1000
2659,4.030852e-02,5.240e-04,1000
2660,4.026506e-02,5.234e-04,1000
2661,4.034722e-02,5.245e-04,1000
2662,3.947966e-02,5.132e-04,1000
2663,4.014010e-02,5.218e-04,1000
2664,3.925073e-02,5.103e-04,1000
2665,3.920018e-02,5.096e-04,1000
2666,3.919047e-02,5.095e-04,1000
2667,3.992238e-02,5.190e-04,1000
2668,4.002754e-02,5.204e-04,1000
2669,3.978689e-02,5.172e-04,1000
2670,3.985322e-02,5.181e-04,1000
2671,3.975573e-02,5.168e-04,1000
2672,3.974715e-02,5.167e-04,1000
2673,3.968155e-02,5.159e-04,1000
2674,3.967631e-02,5.158e-04,1000
2675,3.938870e-02,5.121e-04,1000
2676,3.952928e-02,5.139e-04,1000
2677,3.952429e-02,5.138e-04,1000
2678,3.942765e-02,5.126e-04,1000
2679,3.936744e-02,5.118e-04,1000
2680,3.917127e-02,5.092e-04,1000
2681,3.917043e-02,5.092e-04,1000
2682,3.918826e-02,5.094e-04,1000
2683,3.906467e-02,5.078e-04,1000
2684,3.913683e-02,5.088e-04,1000
2685,3.898602e-02,5.068e-04,1000
2686,3.906021e-02,5.078e-04,1000
2687,3.889409e-02,5.056e-04,1000
2688,3.864886e-02,5.024e-04,1000
2689,3.889336e-02,5.056e-04,1000
2690,3.872030e-02,5.034e-04,1000
2691,3.867417e-02,5.028e-04,1000
2692,3.858333e-02,5.016e-04,1000
2693,3.856757e-02,5.014e-04,1000
2694,3.847815e-02,5.002e-04,1000
2695,3.816338e-02,4.961e-04,1000
2696,3.832149e-02,4.982e-04,1000
2697,3.843428e-02,4.996e-04,1000
2698,3.843521e-02,4.997e-04,1000
2699,3.830051e-02,4.979e-04,1000
2700,3.814625e-02,4.959e-04,1000
2701,3.820658e-02,4.967e-04,1000
2702,3.814422e-02,4.959e-04,1000
2703,3.803274e-02,4.944e-04,1000
2704,3.811614e-02,4.955e-04,1000
2705,3.801692e-02,4.942e-04,1000
2706,3.803996e-02,4.945e-04,1000
2707,3.718510e-02,4.834e-04,1000
2708,3.785974e-02,4.922e-04,1000
2709,3.787337e-02,4.924e-04,1000
2710,3.785587e-02,4.921e-04,1000
2711,3.680815e-02,4.785e-04,1000
2712,3.769745e-02,4.901e-04,1000
2713,3.772932e-02,4.905e-04,1000
2714,3.771818e-02,4.903e-04,1000
2715,3.760160e-02,4.888e-04,1000
2716,3.757571e-02,4.885e-04,1000
2717,3.750529e-02,4.876e-04,1000
2718,3.751451e-02,4.877e-04,1000
2719,3.735567e-02,4.856e-04,1000
2720,3.742212e-02,4.865e-04,1000
2721,3.723632e-02,4.841e-04,1000
2722,3.727131e-02,4.845e-04,1000
2723,3.735762e-02,4.856e-04,1000
2724,3.719780e-02,4.836e-04,1000
2725,3.718112e-02,4.834e-04,1000
2726,3.652429e-02,4.748e-04,1000
2727,3.706101e-02,4.818e-04,1000
2728,3.707965e-02,4.820e-04,1000
2729,3.703336e-02,4.814e-04,1000
